date,close
2017-11-09,0.03205300122499466
2017-11-10,0.027118999511003494
2017-11-11,0.02743699960410595
2017-11-12,0.023977000266313553
2017-11-13,0.025807999074459076
2017-11-14,0.02622999995946884
2017-11-15,0.026444999501109123
2017-11-16,0.027580000460147858
2017-11-17,0.025772999972105026
2017-11-18,0.0263689998537302
2017-11-19,0.028084000572562218
2017-11-20,0.02958099916577339
2017-11-21,0.02833000011742115
2017-11-22,0.02854900062084198
2017-11-23,0.02744399942457676
2017-11-24,0.02838199958205223
2017-11-25,0.03044700063765049
2017-11-26,0.03633200004696846
2017-11-27,0.050592999905347824
2017-11-28,0.11974400281906128
2017-11-29,0.08971799910068512
2017-11-30,0.11988300085067749
2017-12-01,0.1313520073890686
2017-12-02,0.13235099613666534
2017-12-03,0.13180699944496155
2017-12-04,0.13586999475955963
2017-12-05,0.12748800218105316
2017-12-06,0.11783900111913681
2017-12-07,0.10550100356340408
2017-12-08,0.11546500027179718
2017-12-09,0.11960899829864502
2017-12-10,0.11028099805116653
2017-12-11,0.12138299643993378
2017-12-12,0.1338910013437271
2017-12-13,0.1342809945344925
2017-12-14,0.24075299501419067
2017-12-15,0.21346700191497803
2017-12-16,0.4046649932861328
2017-12-17,0.5130109786987305
2017-12-18,0.5181980133056641
2017-12-19,0.5312730073928833
2017-12-20,0.4861510097980499
2017-12-21,0.477851003408432
2017-12-22,0.407150000333786
2017-12-23,0.41402700543403625
2017-12-24,0.39002901315689087
2017-12-25,0.416363000869751
2017-12-26,0.42846500873565674
2017-12-27,0.41417598724365234
2017-12-28,0.4077009856700897
2017-12-29,0.5292990207672119
2017-12-30,0.6392430067062378
2017-12-31,0.719694972038269
2018-01-01,0.7286570072174072
2018-01-02,0.7825869917869568
2018-01-03,1.0796600580215454
2018-01-04,1.1141200065612793
2018-01-05,0.9995589852333069
2018-01-06,1.02715003490448
2018-01-07,1.0085200071334839
2018-01-08,0.8990020155906677
2018-01-09,0.8147429823875427
2018-01-10,0.7931209802627563
2018-01-11,0.6884120106697083
2018-01-12,0.8975080251693726
2018-01-13,0.8841239809989929
2018-01-14,0.802262008190155
2018-01-15,0.7785869836807251
2018-01-16,0.626492977142334
2018-01-17,0.6291019916534424
2018-01-18,0.6598430275917053
2018-01-19,0.6504979729652405
2018-01-20,0.7075099945068359
2018-01-21,0.6131629943847656
2018-01-22,0.5704579949378967
2018-01-23,0.5630699992179871
2018-01-24,0.6222079992294312
2018-01-25,0.6374949812889099
2018-01-26,0.6233819723129272
2018-01-27,0.616832971572876
2018-01-28,0.6702859997749329
2018-01-29,0.6232039928436279
2018-01-30,0.5319129824638367
2018-01-31,0.5193150043487549
2018-02-01,0.421671986579895
2018-02-02,0.39053401350975037
2018-02-03,0.438836008310318
2018-02-04,0.3793030083179474
2018-02-05,0.3273710012435913
2018-02-06,0.36975300312042236
2018-02-07,0.34044700860977173
2018-02-08,0.35658401250839233
2018-02-09,0.3916020095348358
2018-02-10,0.4058719873428345
2018-02-11,0.36976900696754456
2018-02-12,0.38431501388549805
2018-02-13,0.3733139932155609
2018-02-14,0.3969079852104187
2018-02-15,0.40936800837516785
2018-02-16,0.4038099944591522
2018-02-17,0.41988301277160645
2018-02-18,0.3856180012226105
2018-02-19,0.3914720118045807
2018-02-20,0.37877899408340454
2018-02-21,0.36444100737571716
2018-02-22,0.3378709852695465
2018-02-23,0.3452579975128174
2018-02-24,0.3229660093784332
2018-02-25,0.34403300285339355
2018-02-26,0.3383350074291229
2018-02-27,0.33553600311279297
2018-02-28,0.31258100271224976
2018-03-01,0.30439698696136475
2018-03-02,0.293503999710083
2018-03-03,0.297105997800827
2018-03-04,0.3007870018482208
2018-03-05,0.2976219952106476
2018-03-06,0.2853569984436035
2018-03-07,0.2472810000181198
2018-03-08,0.22174300253391266
2018-03-09,0.2222069948911667
2018-03-10,0.2098730057477951
2018-03-11,0.22349800169467926
2018-03-12,0.22372199594974518
2018-03-13,0.22302600741386414
2018-03-14,0.19956199824810028
2018-03-15,0.18570899963378906
2018-03-16,0.17887799441814423
2018-03-17,0.15476299822330475
2018-03-18,0.15615500509738922
2018-03-19,0.19764800369739532
2018-03-20,0.20494699478149414
2018-03-21,0.2131890058517456
2018-03-22,0.20348100364208221
2018-03-23,0.18925899267196655
2018-03-24,0.1892009973526001
2018-03-25,0.18460500240325928
2018-03-26,0.1678059995174408
2018-03-27,0.15492600202560425
2018-03-28,0.16005800664424896
2018-03-29,0.14688199758529663
2018-03-30,0.14720900356769562
2018-03-31,0.15591900050640106
2018-04-01,0.1507679969072342
2018-04-02,0.15638500452041626
2018-04-03,0.17244699597358704
2018-04-04,0.1553560048341751
2018-04-05,0.14875799417495728
2018-04-06,0.14445100724697113
2018-04-07,0.1487939953804016
2018-04-08,0.1565990000963211
2018-04-09,0.15310600399971008
2018-04-10,0.15634700655937195
2018-04-11,0.16602900624275208
2018-04-12,0.21223300695419312
2018-04-13,0.200532004237175
2018-04-14,0.20085300505161285
2018-04-15,0.2213899940252304
2018-04-16,0.2566460072994232
2018-04-17,0.2437240034341812
2018-04-18,0.26034098863601685
2018-04-19,0.2723580002784729
2018-04-20,0.3012470006942749
2018-04-21,0.29058000445365906
2018-04-22,0.2855350077152252
2018-04-23,0.2884730100631714
2018-04-24,0.31287500262260437
2018-04-25,0.27165400981903076
2018-04-26,0.2942950129508972
2018-04-27,0.2884890139102936
2018-04-28,0.3578740060329437
2018-04-29,0.36505699157714844
2018-04-30,0.34331798553466797
2018-05-01,0.35869300365448
2018-05-02,0.3724200129508972
2018-05-03,0.3697090148925781
2018-05-04,0.360181987285614
2018-05-05,0.36633801460266113
2018-05-06,0.35002100467681885
2018-05-07,0.3351759910583496
2018-05-08,0.3283520042896271
2018-05-09,0.32359299063682556
2018-05-10,0.29708901047706604
2018-05-11,0.2601270079612732
2018-05-12,0.27093198895454407
2018-05-13,0.28589001297950745
2018-05-14,0.27343401312828064
2018-05-15,0.26015499234199524
2018-05-16,0.2563750147819519
2018-05-17,0.2436639964580536
2018-05-18,0.24554400146007538
2018-05-19,0.24327099323272705
2018-05-20,0.2561360001564026
2018-05-21,0.24884000420570374
2018-05-22,0.22440800070762634
2018-05-23,0.20287300646305084
2018-05-24,0.2089889943599701
2018-05-25,0.200654998421669
2018-05-26,0.19656699895858765
2018-05-27,0.1935569941997528
2018-05-28,0.17478300631046295
2018-05-29,0.20318999886512756
2018-05-30,0.21114300191402435
2018-05-31,0.22521400451660156
2018-06-01,0.22250699996948242
2018-06-02,0.227742001414299
2018-06-03,0.2281540036201477
2018-06-04,0.2140119969844818
2018-06-05,0.2204670011997223
2018-06-06,0.215720996260643
2018-06-07,0.21111899614334106
2018-06-08,0.20535799860954285
2018-06-09,0.20209099352359772
2018-06-10,0.1768680065870285
2018-06-11,0.1812800019979477
2018-06-12,0.16658499836921692
2018-06-13,0.16040800511837006
2018-06-14,0.17237499356269836
2018-06-15,0.16274699568748474
2018-06-16,0.16296200454235077
2018-06-17,0.16137999296188354
2018-06-18,0.1641169935464859
2018-06-19,0.1671849936246872
2018-06-20,0.16198499500751495
2018-06-21,0.1585559993982315
2018-06-22,0.13983899354934692
2018-06-23,0.1378680020570755
2018-06-24,0.1327030062675476
2018-06-25,0.13526900112628937
2018-06-26,0.12609900534152985
2018-06-27,0.12744399905204773
2018-06-28,0.11931999772787094
2018-06-29,0.12571999430656433
2018-06-30,0.13767099380493164
2018-07-01,0.14220799505710602
2018-07-02,0.15827800333499908
2018-07-03,0.15065500140190125
2018-07-04,0.15095999836921692
2018-07-05,0.14892099797725677
2018-07-06,0.1460839956998825
2018-07-07,0.15037299692630768
2018-07-08,0.14538900554180145
2018-07-09,0.13997100293636322
2018-07-10,0.12879200279712677
2018-07-11,0.13148300349712372
2018-07-12,0.12718099355697632
2018-07-13,0.13788700103759766
2018-07-14,0.1370919942855835
2018-07-15,0.14226199686527252
2018-07-16,0.1561180055141449
2018-07-17,0.170864999294281
2018-07-18,0.17937800288200378
2018-07-19,0.180868998169899
2018-07-20,0.1621749997138977
2018-07-21,0.16363699734210968
2018-07-22,0.17027699947357178
2018-07-23,0.16402800381183624
2018-07-24,0.1731719970703125
2018-07-25,0.17273099720478058
2018-07-26,0.16476500034332275
2018-07-27,0.16553999483585358
2018-07-28,0.1633799970149994
2018-07-29,0.16331300139427185
2018-07-30,0.15408700704574585
2018-07-31,0.1432970017194748
2018-08-01,0.14090099930763245
2018-08-02,0.13194100558757782
2018-08-03,0.13025499880313873
2018-08-04,0.1275469958782196
2018-08-05,0.13172100484371185
2018-08-06,0.1305530071258545
2018-08-07,0.12537799775600433
2018-08-08,0.11375200003385544
2018-08-09,0.12350700050592422
2018-08-10,0.11635500192642212
2018-08-11,0.11243899911642075
2018-08-12,0.11297000199556351
2018-08-13,0.10290999710559845
2018-08-14,0.09466200321912766
2018-08-15,0.09504000097513199
2018-08-16,0.09533099830150604
2018-08-17,0.10988699644804001
2018-08-18,0.09978500008583069
2018-08-19,0.10243699699640274
2018-08-20,0.09376399964094162
2018-08-21,0.09500300139188766
2018-08-22,0.09014900028705597
2018-08-23,0.0924530029296875
2018-08-24,0.09407699853181839
2018-08-25,0.09428200125694275
2018-08-26,0.0933379977941513
2018-08-27,0.10026399791240692
2018-08-28,0.10548000037670135
2018-08-29,0.1054690033197403
2018-08-30,0.10056000202894211
2018-08-31,0.10219600051641464
2018-09-01,0.10682699829339981
2018-09-02,0.10443200170993805
2018-09-03,0.10360699892044067
2018-09-04,0.10526499897241592
2018-09-05,0.08756899833679199
2018-09-06,0.08866599947214127
2018-09-07,0.08398299664258957
2018-09-08,0.07823500037193298
2018-09-09,0.07664299756288528
2018-09-10,0.07350800186395645
2018-09-11,0.07051300257444382
2018-09-12,0.06674499809741974
2018-09-13,0.06982900202274323
2018-09-14,0.06824800372123718
2018-09-15,0.06932199746370316
2018-09-16,0.0699630007147789
2018-09-17,0.06389900296926498
2018-09-18,0.06943000108003616
2018-09-19,0.07235000282526016
2018-09-20,0.08149299770593643
2018-09-21,0.08760599792003632
2018-09-22,0.08319299668073654
2018-09-23,0.08975400030612946
2018-09-24,0.08275400102138519
2018-09-25,0.08102799952030182
2018-09-26,0.079475998878479
2018-09-27,0.08600100129842758
2018-09-28,0.08403199911117554
2018-09-29,0.08460599929094315
2018-09-30,0.08519499748945236
2018-10-01,0.08446899801492691
2018-10-02,0.08252499997615814
2018-10-03,0.0807889997959137
2018-10-04,0.08130399882793427
2018-10-05,0.08299099653959274
2018-10-06,0.08130300045013428
2018-10-07,0.08465799689292908
2018-10-08,0.08660700172185898
2018-10-09,0.0863569974899292
2018-10-10,0.0846790000796318
2018-10-11,0.07093899697065353
2018-10-12,0.07321400195360184
2018-10-13,0.07310300320386887
2018-10-14,0.07129299640655518
2018-10-15,0.07478900253772736
2018-10-16,0.07581400126218796
2018-10-17,0.07740800082683563
2018-10-18,0.07513099908828735
2018-10-19,0.07583600282669067
2018-10-20,0.07634200155735016
2018-10-21,0.075873002409935
2018-10-22,0.07577600330114365
2018-10-23,0.07474300265312195
2018-10-24,0.07432100176811218
2018-10-25,0.07385899871587753
2018-10-26,0.07371299713850021
2018-10-27,0.07288599759340286
2018-10-28,0.07316599786281586
2018-10-29,0.06962700188159943
2018-10-30,0.06964699923992157
2018-10-31,0.06970500200986862
2018-11-01,0.07086700201034546
2018-11-02,0.07258400321006775
2018-11-03,0.07147900015115738
2018-11-04,0.07622899860143661
2018-11-05,0.07614800333976746
2018-11-06,0.0809520035982132
2018-11-07,0.0785439983010292
2018-11-08,0.07649300247430801
2018-11-09,0.0742259994149208
2018-11-10,0.0752210021018982
2018-11-11,0.07648099958896637
2018-11-12,0.07600100338459015
2018-11-13,0.07360299676656723
2018-11-14,0.06482400000095367
2018-11-15,0.06354299932718277
2018-11-16,0.06115100160241127
2018-11-17,0.060674998909235
2018-11-18,0.06191600114107132
2018-11-19,0.05258199945092201
2018-11-20,0.044776998460292816
2018-11-21,0.04777999967336655
2018-11-22,0.04425499960780144
2018-11-23,0.04341199994087219
2018-11-24,0.038458000868558884
2018-11-25,0.03772500157356262
2018-11-26,0.03580600023269653
2018-11-27,0.0364609993994236
2018-11-28,0.042020998895168304
2018-11-29,0.0418660007417202
2018-11-30,0.03891599923372269
2018-12-01,0.041467998176813126
2018-12-02,0.0416719987988472
2018-12-03,0.03867100179195404
2018-12-04,0.03769899904727936
2018-12-05,0.034251000732183456
2018-12-06,0.03079799935221672
2018-12-07,0.029864000156521797
2018-12-08,0.030678000301122665
2018-12-09,0.031693000346422195
2018-12-10,0.030202999711036682
2018-12-11,0.029550999402999878
2018-12-12,0.030609000474214554
2018-12-13,0.029190000146627426
2018-12-14,0.02835799939930439
2018-12-15,0.02827399969100952
2018-12-16,0.029102999716997147
2018-12-17,0.03282399848103523
2018-12-18,0.034735001623630524
2018-12-19,0.03454500064253807
2018-12-20,0.03940099850296974
2018-12-21,0.04079600051045418
2018-12-22,0.04200899973511696
2018-12-23,0.04422999918460846
2018-12-24,0.045715998858213425
2018-12-25,0.04151099920272827
2018-12-26,0.0411980003118515
2018-12-27,0.03694399818778038
2018-12-28,0.04186199977993965
2018-12-29,0.04150800034403801
2018-12-30,0.04328000172972679
2018-12-31,0.04106299951672554
2019-01-01,0.04254699870944023
2019-01-02,0.04525800049304962
2019-01-03,0.04268199950456619
2019-01-04,0.04381199926137924
2019-01-05,0.044700998812913895
2019-01-06,0.049261000007390976
2019-01-07,0.047995999455451965
2019-01-08,0.04852500185370445
2019-01-09,0.05216899886727333
2019-01-10,0.04452899843454361
2019-01-11,0.04414699971675873
2019-01-12,0.04370399937033653
2019-01-13,0.040240999311208725
2019-01-14,0.04405900090932846
2019-01-15,0.042810000479221344
2019-01-16,0.044776998460292816
2019-01-17,0.04531800001859665
2019-01-18,0.04431600123643875
2019-01-19,0.04574999958276749
2019-01-20,0.043476998805999756
2019-01-21,0.04293699935078621
2019-01-22,0.043577998876571655
2019-01-23,0.042899999767541885
2019-01-24,0.04302699863910675
2019-01-25,0.04269099980592728
2019-01-26,0.04264900088310242
2019-01-27,0.04116800054907799
2019-01-28,0.03877200186252594
2019-01-29,0.03825100138783455
2019-01-30,0.03965599834918976
2019-01-31,0.038373999297618866
2019-02-01,0.03867800161242485
2019-02-02,0.03931700065732002
2019-02-03,0.03802900016307831
2019-02-04,0.03785699978470802
2019-02-05,0.03789599984884262
2019-02-06,0.0366629995405674
2019-02-07,0.036396000534296036
2019-02-08,0.04075099900364876
2019-02-09,0.041058000177145004
2019-02-10,0.042830001562833786
2019-02-11,0.04173300042748451
2019-02-12,0.04175100103020668
2019-02-13,0.04111799970269203
2019-02-14,0.040539998561143875
2019-02-15,0.0406000018119812
2019-02-16,0.041025999933481216
2019-02-17,0.04145200178027153
2019-02-18,0.045605000108480453
2019-02-19,0.04615800082683563
2019-02-20,0.047550998628139496
2019-02-21,0.04496899992227554
2019-02-22,0.04616300016641617
2019-02-23,0.04859299957752228
2019-02-24,0.0424560010433197
2019-02-25,0.04404300078749657
2019-02-26,0.04330400004982948
2019-02-27,0.04326999932527542
2019-02-28,0.043122999370098114
2019-03-01,0.043278999626636505
2019-03-02,0.042837999761104584
2019-03-03,0.04231199994683266
2019-03-04,0.04060199856758118
2019-03-05,0.04321200028061867
2019-03-06,0.04284299910068512
2019-03-07,0.04294399917125702
2019-03-08,0.042663998901844025
2019-03-09,0.04672800004482269
2019-03-10,0.04569799825549126
2019-03-11,0.04763299971818924
2019-03-12,0.04739699885249138
2019-03-13,0.04659000039100647
2019-03-14,0.048055000603199005
2019-03-15,0.05007699877023697
2019-03-16,0.051621001213788986
2019-03-17,0.050207000225782394
2019-03-18,0.05045200139284134
2019-03-19,0.05259399861097336
2019-03-20,0.05389099940657616
2019-03-21,0.05290000140666962
2019-03-22,0.05806199833750725
2019-03-23,0.0637810006737709
2019-03-24,0.06170399859547615
2019-03-25,0.05902500078082085
2019-03-26,0.062369998544454575
2019-03-27,0.0675949975848198
2019-03-28,0.06582800298929214
2019-03-29,0.07128900289535522
2019-03-30,0.07173900306224823
2019-03-31,0.0697460025548935
2019-04-01,0.07232999801635742
2019-04-02,0.08546700328588486
2019-04-03,0.09072300046682358
2019-04-04,0.08737000077962875
2019-04-05,0.0912259966135025
2019-04-06,0.09028899669647217
2019-04-07,0.09048400074243546
2019-04-08,0.087008997797966
2019-04-09,0.08374900370836258
2019-04-10,0.08996400237083435
2019-04-11,0.08338499814271927
2019-04-12,0.08346299827098846
2019-04-13,0.08373100310564041
2019-04-14,0.08464299887418747
2019-04-15,0.08230700343847275
2019-04-16,0.08378300070762634
2019-04-17,0.08307400345802307
2019-04-18,0.08177500218153
2019-04-19,0.0794999971985817
2019-04-20,0.07650599628686905
2019-04-21,0.07410600036382675
2019-04-22,0.0780399963259697
2019-04-23,0.07452400028705597
2019-04-24,0.07264500111341476
2019-04-25,0.06924399733543396
2019-04-26,0.06921900063753128
2019-04-27,0.0701960027217865
2019-04-28,0.06859099864959717
2019-04-29,0.06463100016117096
2019-04-30,0.07034599781036377
2019-05-01,0.06901399791240692
2019-05-02,0.06857900321483612
2019-05-03,0.06985799968242645
2019-05-04,0.066880002617836
2019-05-05,0.06614600121974945
2019-05-06,0.06678000092506409
2019-05-07,0.06403599679470062
2019-05-08,0.06460600346326828
2019-05-09,0.06169100105762482
2019-05-10,0.06342799961566925
2019-05-11,0.07517100125551224
2019-05-12,0.07008600234985352
2019-05-13,0.07307200133800507
2019-05-14,0.08450499922037125
2019-05-15,0.09395100176334381
2019-05-16,0.08816099911928177
2019-05-17,0.08325999975204468
2019-05-18,0.0791039988398552
2019-05-19,0.08699599653482437
2019-05-20,0.08484800159931183
2019-05-21,0.0846169963479042
2019-05-22,0.07795500010251999
2019-05-23,0.08068999648094177
2019-05-24,0.08086899667978287
2019-05-25,0.08050200343132019
2019-05-26,0.08601400256156921
2019-05-27,0.09169500321149826
2019-05-28,0.09281499683856964
2019-05-29,0.09086699783802032
2019-05-30,0.08450999855995178
2019-05-31,0.08944100141525269
2019-06-01,0.09053300321102142
2019-06-02,0.09657800197601318
2019-06-03,0.08870799839496613
2019-06-04,0.08248600363731384
2019-06-05,0.08343800157308578
2019-06-06,0.08347199857234955
2019-06-07,0.08580700308084488
2019-06-08,0.0842130035161972
2019-06-09,0.07947000116109848
2019-06-10,0.08553700149059296
2019-06-11,0.0879649966955185
2019-06-12,0.09652499854564667
2019-06-13,0.08973900228738785
2019-06-14,0.09061899781227112
2019-06-15,0.09168300032615662
2019-06-16,0.0923210009932518
2019-06-17,0.09355700016021729
2019-06-18,0.08914799988269806
2019-06-19,0.08997900038957596
2019-06-20,0.08738499879837036
2019-06-21,0.08956199884414673
2019-06-22,0.09436699748039246
2019-06-23,0.09664399921894073
2019-06-24,0.09771899878978729
2019-06-25,0.09635700285434723
2019-06-26,0.09681999683380127
2019-06-27,0.08644899725914001
2019-06-28,0.08929499983787537
2019-06-29,0.09042199701070786
2019-06-30,0.08209799975156784
2019-07-01,0.08382199704647064
2019-07-02,0.08107700198888779
2019-07-03,0.08299800008535385
2019-07-04,0.07777400314807892
2019-07-05,0.07653199881315231
2019-07-06,0.07733500003814697
2019-07-07,0.07996399700641632
2019-07-08,0.08047600090503693
2019-07-09,0.0779929980635643
2019-07-10,0.07193999737501144
2019-07-11,0.06519900262355804
2019-07-12,0.06975399702787399
2019-07-13,0.06677000224590302
2019-07-14,0.059429001063108444
2019-07-15,0.059537000954151154
2019-07-16,0.05205199867486954
2019-07-17,0.0552389994263649
2019-07-18,0.058772001415491104
2019-07-19,0.059787001460790634
2019-07-20,0.0629580020904541
2019-07-21,0.0612029992043972
2019-07-22,0.05946600064635277
2019-07-23,0.05581200122833252
2019-07-24,0.059046000242233276
2019-07-25,0.058664001524448395
2019-07-26,0.06288400292396545
2019-07-27,0.05987099930644035
2019-07-28,0.059473998844623566
2019-07-29,0.06039299815893173
2019-07-30,0.05994400009512901
2019-07-31,0.060152001678943634
2019-08-01,0.05887199938297272
2019-08-02,0.05741199851036072
2019-08-03,0.0577629990875721
2019-08-04,0.05627100169658661
2019-08-05,0.05668000131845474
2019-08-06,0.05336900055408478
2019-08-07,0.051906000822782516
2019-08-08,0.05197000131011009
2019-08-09,0.047641001641750336
2019-08-10,0.05198099836707115
2019-08-11,0.05498100072145462
2019-08-12,0.05293799936771393
2019-08-13,0.05256099998950958
2019-08-14,0.04699999839067459
2019-08-15,0.04751899838447571
2019-08-16,0.04684099927544594
2019-08-17,0.04739300161600113
2019-08-18,0.05073099955916405
2019-08-19,0.05029800161719322
2019-08-20,0.049194999039173126
2019-08-21,0.047113001346588135
2019-08-22,0.04941000044345856
2019-08-23,0.049789998680353165
2019-08-24,0.05017700046300888
2019-08-25,0.04943900182843208
2019-08-26,0.04969700053334236
2019-08-27,0.04983900114893913
2019-08-28,0.04582500085234642
2019-08-29,0.044697001576423645
2019-08-30,0.0448249988257885
2019-08-31,0.04498999938368797
2019-09-01,0.04454300180077553
2019-09-02,0.04536199942231178
2019-09-03,0.04677100107073784
2019-09-04,0.045517001301050186
2019-09-05,0.044436998665332794
2019-09-06,0.04441500082612038
2019-09-07,0.04619799926877022
2019-09-08,0.04671899974346161
2019-09-09,0.04693099856376648
2019-09-10,0.046509999781847
2019-09-11,0.04498999938368797
2019-09-12,0.045451998710632324
2019-09-13,0.04575299844145775
2019-09-14,0.04652399942278862
2019-09-15,0.04679900035262108
2019-09-16,0.04707099869847298
2019-09-17,0.049008000642061234
2019-09-18,0.05329199880361557
2019-09-19,0.05250399932265282
2019-09-20,0.05234000086784363
2019-09-21,0.05192200094461441
2019-09-22,0.04911100119352341
2019-09-23,0.04626400023698807
2019-09-24,0.03757299855351448
2019-09-25,0.039395999163389206
2019-09-26,0.03822899982333183
2019-09-27,0.039531998336315155
2019-09-28,0.03882699832320213
2019-09-29,0.0374860018491745
2019-09-30,0.038885001093149185
2019-10-01,0.03850699961185455
2019-10-02,0.039445001631975174
2019-10-03,0.03836100175976753
2019-10-04,0.039666999131441116
2019-10-05,0.039730001240968704
2019-10-06,0.03932400047779083
2019-10-07,0.0416719987988472
2019-10-08,0.04144100099802017
2019-10-09,0.042628999799489975
2019-10-10,0.04166100174188614
2019-10-11,0.040623001754283905
2019-10-12,0.04054199904203415
2019-10-13,0.04132499918341637
2019-10-14,0.04178899899125099
2019-10-15,0.03976599872112274
2019-10-16,0.03874099999666214
2019-10-17,0.03952400013804436
2019-10-18,0.03807299956679344
2019-10-19,0.03922500088810921
2019-10-20,0.03952899947762489
2019-10-21,0.0392800010740757
2019-10-22,0.038816001266241074
2019-10-23,0.03640900179743767
2019-10-24,0.03768499940633774
2019-10-25,0.04124600067734718
2019-10-26,0.040546998381614685
2019-10-27,0.04233499988913536
2019-10-28,0.0423629991710186
2019-10-29,0.04344400018453598
2019-10-30,0.0419670008122921
2019-10-31,0.04163600131869316
2019-11-01,0.04234499856829643
2019-11-02,0.04259900003671646
2019-11-03,0.041930001229047775
2019-11-04,0.04323599860072136
2019-11-05,0.0443280003964901
2019-11-06,0.04495599865913391
2019-11-07,0.043637000024318695
2019-11-08,0.04229699820280075
2019-11-09,0.042445000261068344
2019-11-10,0.04395800083875656
2019-11-11,0.0431939996778965
2019-11-12,0.04376700147986412
2019-11-13,0.04349200055003166
2019-11-14,0.043118998408317566
2019-11-15,0.043974000960588455
2019-11-16,0.044172000139951706
2019-11-17,0.04542100057005882
2019-11-18,0.04380200058221817
2019-11-19,0.042541999369859695
2019-11-20,0.04117799922823906
2019-11-21,0.038405999541282654
2019-11-22,0.03714799880981445
2019-11-23,0.038343001157045364
2019-11-24,0.03558799996972084
2019-11-25,0.03604799881577492
2019-11-26,0.03699300065636635
2019-11-27,0.039048999547958374
2019-11-28,0.03919000178575516
2019-11-29,0.041423000395298004
2019-11-30,0.040424998849630356
2019-12-01,0.03958699852228165
2019-12-02,0.03805600106716156
2019-12-03,0.03791699931025505
2019-12-04,0.037404999136924744
2019-12-05,0.03787099942564964
2019-12-06,0.0383169986307621
2019-12-07,0.038757000118494034
2019-12-08,0.038947999477386475
2019-12-09,0.03748299926519394
2019-12-10,0.03660599887371063
2019-12-11,0.0366550013422966
2019-12-12,0.036722999066114426
2019-12-13,0.03710800036787987
2019-12-14,0.03642699867486954
2019-12-15,0.036653000861406326
2019-12-16,0.034269001334905624
2019-12-17,0.03180000185966492
2019-12-18,0.03446200117468834
2019-12-19,0.033250998705625534
2019-12-20,0.03400399908423424
2019-12-21,0.03326199948787689
2019-12-22,0.03446599841117859
2019-12-23,0.03319999948143959
2019-12-24,0.0341619998216629
2019-12-25,0.03372799977660179
2019-12-26,0.03428100049495697
2019-12-27,0.03310000151395798
2019-12-28,0.03363199904561043
2019-12-29,0.03428399935364723
2019-12-30,0.033594001084566116
2019-12-31,0.03284500166773796
2020-01-01,0.03345799818634987
2020-01-02,0.03275100141763687
2020-01-03,0.03418000042438507
2020-01-04,0.034595001488924026
2020-01-05,0.034720998257398605
2020-01-06,0.037271998822689056
2020-01-07,0.037046998739242554
2020-01-08,0.036435000598430634
2020-01-09,0.03635900095105171
2020-01-10,0.03687399998307228
2020-01-11,0.03682500123977661
2020-01-12,0.037689998745918274
2020-01-13,0.036965999752283096
2020-01-14,0.04165999963879585
2020-01-15,0.04255300015211105
2020-01-16,0.041391000151634216
2020-01-17,0.04497800022363663
2020-01-18,0.04485100135207176
2020-01-19,0.041978999972343445
2020-01-20,0.043873000890016556
2020-01-21,0.04598899930715561
2020-01-22,0.04565399885177612
2020-01-23,0.043333999812603
2020-01-24,0.04500399902462959
2020-01-25,0.043248001486063004
2020-01-26,0.04458099976181984
2020-01-27,0.047912001609802246
2020-01-28,0.05285700038075447
2020-01-29,0.05351400002837181
2020-01-30,0.0560699999332428
2020-01-31,0.05379299819469452
2020-02-01,0.056092001497745514
2020-02-02,0.055768001824617386
2020-02-03,0.05697900056838989
2020-02-04,0.05599600076675415
2020-02-05,0.059230998158454895
2020-02-06,0.05975700169801712
2020-02-07,0.059790000319480896
2020-02-08,0.05994400009512901
2020-02-09,0.0618089996278286
2020-02-10,0.06039400026202202
2020-02-11,0.06322800368070602
2020-02-12,0.06837300211191177
2020-02-13,0.0685809999704361
2020-02-14,0.07057999819517136
2020-02-15,0.06386300176382065
2020-02-16,0.06265400350093842
2020-02-17,0.06004200130701065
2020-02-18,0.06259699910879135
2020-02-19,0.05764500051736832
2020-02-20,0.0582600012421608
2020-02-21,0.058639999479055405
2020-02-22,0.05833600088953972
2020-02-23,0.06151000037789345
2020-02-24,0.058959998190402985
2020-02-25,0.05636399984359741
2020-02-26,0.0494530014693737
2020-02-27,0.049685001373291016
2020-02-28,0.04861599951982498
2020-02-29,0.047540999948978424
2020-03-01,0.04593199864029884
2020-03-02,0.04895300045609474
2020-03-03,0.048760998994112015
2020-03-04,0.049003999680280685
2020-03-05,0.05105699971318245
2020-03-06,0.051447998732328415
2020-03-07,0.048944998532533646
2020-03-08,0.04329099878668785
2020-03-09,0.041482001543045044
2020-03-10,0.04149499908089638
2020-03-11,0.03964899852871895
2020-03-12,0.02396100014448166
2020-03-13,0.028436999768018723
2020-03-14,0.026009000837802887
2020-03-15,0.02711999975144863
2020-03-16,0.02412099950015545
2020-03-17,0.02524299919605255
2020-03-18,0.025335999205708504
2020-03-19,0.03045099973678589
2020-03-20,0.029368000105023384
2020-03-21,0.029413999989628792
2020-03-22,0.02708899974822998
2020-03-23,0.029082000255584717
2020-03-24,0.030162999406456947
2020-03-25,0.029438000172376633
2020-03-26,0.030727000907063484
2020-03-27,0.029301000759005547
2020-03-28,0.029771000146865845
2020-03-29,0.028248999267816544
2020-03-30,0.02987300045788288
2020-03-31,0.030553000047802925
2020-04-01,0.030855000019073486
2020-04-02,0.03198400139808655
2020-04-03,0.032294999808073044
2020-04-04,0.03250499814748764
2020-04-05,0.032003000378608704
2020-04-06,0.03561599925160408
2020-04-07,0.03513700142502785
2020-04-08,0.03631399944424629
2020-04-09,0.036198001354932785
2020-04-10,0.0332150012254715
2020-04-11,0.03335399925708771
2020-04-12,0.03380599990487099
2020-04-13,0.03310700133442879
2020-04-14,0.0329740010201931
2020-04-15,0.031863000243902206
2020-04-16,0.034407999366521835
2020-04-17,0.03457299992442131
2020-04-18,0.036552999168634415
2020-04-19,0.035815998911857605
2020-04-20,0.03417700156569481
2020-04-21,0.034699998795986176
2020-04-22,0.03655900061130524
2020-04-23,0.04060500115156174
2020-04-24,0.041868001222610474
2020-04-25,0.04240800067782402
2020-04-26,0.045878998935222626
2020-04-27,0.04660100117325783
2020-04-28,0.04719499871134758
2020-04-29,0.051695000380277634
2020-04-30,0.047846000641584396
2020-05-01,0.051259998232126236
2020-05-02,0.0510139986872673
2020-05-03,0.04892899841070175
2020-05-04,0.04966399818658829
2020-05-05,0.04935799911618233
2020-05-06,0.04976699873805046
2020-05-07,0.05110599845647812
2020-05-08,0.052303001284599304
2020-05-09,0.051736000925302505
2020-05-10,0.04767699912190437
2020-05-11,0.04810800030827522
2020-05-12,0.05042099952697754
2020-05-13,0.051472000777721405
2020-05-14,0.0508899986743927
2020-05-15,0.0504629984498024
2020-05-16,0.05093200132250786
2020-05-17,0.051343001425266266
2020-05-18,0.05425199866294861
2020-05-19,0.05644899979233742
2020-05-20,0.05687500163912773
2020-05-21,0.05224600061774254
2020-05-22,0.05583300068974495
2020-05-23,0.05532199889421463
2020-05-24,0.05264100059866905
2020-05-25,0.05401099845767021
2020-05-26,0.05342999845743179
2020-05-27,0.05518300086259842
2020-05-28,0.06455899775028229
2020-05-29,0.06465999782085419
2020-05-30,0.07695800065994263
2020-05-31,0.07435200363397598
2020-06-01,0.08116800338029861
2020-06-02,0.07845599949359894
2020-06-03,0.08543899655342102
2020-06-04,0.08900000154972076
2020-06-05,0.08544199913740158
2020-06-06,0.08602599799633026
2020-06-07,0.08665399998426437
2020-06-08,0.08642999827861786
2020-06-09,0.08340699970722198
2020-06-10,0.08353099972009659
2020-06-11,0.0753600001335144
2020-06-12,0.0795539990067482
2020-06-13,0.07902800291776657
2020-06-14,0.07674799859523773
2020-06-15,0.07838699966669083
2020-06-16,0.0790729969739914
2020-06-17,0.0834449976682663
2020-06-18,0.08217400312423706
2020-06-19,0.07960300147533417
2020-06-20,0.07933899760246277
2020-06-21,0.0784749984741211
2020-06-22,0.08360999822616577
2020-06-23,0.08295000344514847
2020-06-24,0.0825830027461052
2020-06-25,0.08169099688529968
2020-06-26,0.08056099712848663
2020-06-27,0.07767900079488754
2020-06-28,0.08039200305938721
2020-06-29,0.08387000113725662
2020-06-30,0.08311600238084793
2020-07-01,0.09595400094985962
2020-07-02,0.09432599693536758
2020-07-03,0.0965379998087883
2020-07-04,0.09995199739933014
2020-07-05,0.09821099787950516
2020-07-06,0.10522100329399109
2020-07-07,0.11755400151014328
2020-07-08,0.1299079954624176
2020-07-09,0.1242929995059967
2020-07-10,0.11831600219011307
2020-07-11,0.12521399557590485
2020-07-12,0.12678299844264984
2020-07-13,0.12415599822998047
2020-07-14,0.13196299970149994
2020-07-15,0.13036899268627167
2020-07-16,0.12592199444770813
2020-07-17,0.12248600274324417
2020-07-18,0.12247700244188309
2020-07-19,0.12371200323104858
2020-07-20,0.11792399734258652
2020-07-21,0.1229650005698204
2020-07-22,0.12392199784517288
2020-07-23,0.1237730011343956
2020-07-24,0.12188799679279327
2020-07-25,0.14357799291610718
2020-07-26,0.14810800552368164
2020-07-27,0.13877099752426147
2020-07-28,0.14859800040721893
2020-07-29,0.1398790031671524
2020-07-30,0.14058800041675568
2020-07-31,0.13879799842834473
2020-08-01,0.14357300102710724
2020-08-02,0.13350500166416168
2020-08-03,0.13733500242233276
2020-08-04,0.14301800727844238
2020-08-05,0.14269499480724335
2020-08-06,0.14404800534248352
2020-08-07,0.13915500044822693
2020-08-08,0.1457809954881668
2020-08-09,0.14524400234222412
2020-08-10,0.1438550055027008
2020-08-11,0.13743600249290466
2020-08-12,0.13739800453186035
2020-08-13,0.14124499261379242
2020-08-14,0.13833799958229065
2020-08-15,0.1383029967546463
2020-08-16,0.13847100734710693
2020-08-17,0.1409199982881546
2020-08-18,0.13742700219154358
2020-08-19,0.12927499413490295
2020-08-20,0.13364200294017792
2020-08-21,0.12375999987125397
2020-08-22,0.12527599930763245
2020-08-23,0.12159500271081924
2020-08-24,0.12448800355195999
2020-08-25,0.11329200118780136
2020-08-26,0.1152850016951561
2020-08-27,0.10682400315999985
2020-08-28,0.1094530001282692
2020-08-29,0.11671199649572372
2020-08-30,0.11743699759244919
2020-08-31,0.12268800288438797
2020-09-01,0.1254110038280487
2020-09-02,0.11561299860477448
2020-09-03,0.09615399688482285
2020-09-04,0.10244499891996384
2020-09-05,0.08992300182580948
2020-09-06,0.09306000173091888
2020-09-07,0.09333299845457077
2020-09-08,0.09101100265979767
2020-09-09,0.09334900230169296
2020-09-10,0.09715600311756134
2020-09-11,0.09698899835348129
2020-09-12,0.09759800136089325
2020-09-13,0.09485600143671036
2020-09-14,0.09676899760961533
2020-09-15,0.09349600225687027
2020-09-16,0.09165000170469284
2020-09-17,0.09421700239181519
2020-09-18,0.09108100086450577
2020-09-19,0.09165699779987335
2020-09-20,0.08943299949169159
2020-09-21,0.08042799681425095
2020-09-22,0.08175399899482727
2020-09-23,0.07676299661397934
2020-09-24,0.08281700313091278
2020-09-25,0.09684500098228455
2020-09-26,0.09556400030851364
2020-09-27,0.10128699988126755
2020-09-28,0.10066699981689453
2020-09-29,0.10118100047111511
2020-09-30,0.10106199979782104
2020-10-01,0.09786500036716461
2020-10-02,0.09292100369930267
2020-10-03,0.09341300278902054
2020-10-04,0.09634800255298615
2020-10-05,0.09754399955272675
2020-10-06,0.09280800074338913
2020-10-07,0.09380000084638596
2020-10-08,0.09615200012922287
2020-10-09,0.10192500054836273
2020-10-10,0.10502500087022781
2020-10-11,0.10653799772262573
2020-10-12,0.11003399640321732
2020-10-13,0.10885199904441833
2020-10-14,0.10729700326919556
2020-10-15,0.10663499683141708
2020-10-16,0.10406400263309479
2020-10-17,0.10610400140285492
2020-10-18,0.10738799721002579
2020-10-19,0.10867699980735779
2020-10-20,0.1024940013885498
2020-10-21,0.10618700087070465
2020-10-22,0.11057200282812119
2020-10-23,0.10808300226926804
2020-10-24,0.10807500034570694
2020-10-25,0.10635100305080414
2020-10-26,0.10309699922800064
2020-10-27,0.10282699763774872
2020-10-28,0.0989769995212555
2020-10-29,0.09537599980831146
2020-10-30,0.0933689996600151
2020-10-31,0.09305600076913834
2020-11-01,0.09819699823856354
2020-11-02,0.0921429991722107
2020-11-03,0.09343399852514267
2020-11-04,0.09536900371313095
2020-11-05,0.09699399769306183
2020-11-06,0.10910499840974808
2020-11-07,0.10137899965047836
2020-11-08,0.10662099719047546
2020-11-09,0.10532499849796295
2020-11-10,0.10580500215291977
2020-11-11,0.10596500337123871
2020-11-12,0.10452499985694885
2020-11-13,0.10639099776744843
2020-11-14,0.10420200228691101
2020-11-15,0.10053099691867828
2020-11-16,0.10400799661874771
2020-11-17,0.1096000000834465
2020-11-18,0.10640300065279007
2020-11-19,0.10586600005626678
2020-11-20,0.11822599917650223
2020-11-21,0.1329450011253357
2020-11-22,0.14475999772548676
2020-11-23,0.15351000428199768
2020-11-24,0.1663230061531067
2020-11-25,0.1551620066165924
2020-11-26,0.13828100264072418
2020-11-27,0.1410280019044876
2020-11-28,0.16479100286960602
2020-11-29,0.16663900017738342
2020-11-30,0.1713079959154129
2020-12-01,0.15598300099372864
2020-12-02,0.1585569977760315
2020-12-03,0.16421200335025787
2020-12-04,0.14824099838733673
2020-12-05,0.1596679985523224
2020-12-06,0.1588670015335083
2020-12-07,0.1541299968957901
2020-12-08,0.1409280002117157
2020-12-09,0.1481650024652481
2020-12-10,0.14199399948120117
2020-12-11,0.13944900035858154
2020-12-12,0.14445999264717102
2020-12-13,0.15396399796009064
2020-12-14,0.15799200534820557
2020-12-15,0.15430499613285065
2020-12-16,0.1675889939069748
2020-12-17,0.16348299384117126
2020-12-18,0.16498799622058868
2020-12-19,0.1647139936685562
2020-12-20,0.1619880050420761
2020-12-21,0.15265600383281708
2020-12-22,0.15617899596691132
2020-12-23,0.13639399409294128
2020-12-24,0.15288299322128296
2020-12-25,0.15756399929523468
2020-12-26,0.15782399475574493
2020-12-27,0.15442200005054474
2020-12-28,0.17673499882221222
2020-12-29,0.19216400384902954
2020-12-30,0.18403999507427216
2020-12-31,0.18139700591564178
2021-01-01,0.17534999549388885
2021-01-02,0.17742300033569336
2021-01-03,0.20499500632286072
2021-01-04,0.2247619926929474
2021-01-05,0.25831401348114014
2021-01-06,0.3318980038166046
2021-01-07,0.2999800145626068
2021-01-08,0.3055970072746277
2021-01-09,0.33297300338745117
2021-01-10,0.3048950135707855
2021-01-11,0.2754659950733185
2021-01-12,0.2870030105113983
2021-01-13,0.3136090040206909
2021-01-14,0.3103959858417511
2021-01-15,0.3025299906730652
2021-01-16,0.35244399309158325
2021-01-17,0.3798519968986511
2021-01-18,0.3714280128479004
2021-01-19,0.3691369891166687
2021-01-20,0.37539398670196533
2021-01-21,0.3102090060710907
2021-01-22,0.34957700967788696
2021-01-23,0.345643013715744
2021-01-24,0.35388100147247314
2021-01-25,0.34388598799705505
2021-01-26,0.34423398971557617
2021-01-27,0.3130800127983093
2021-01-28,0.34612900018692017
2021-01-29,0.348131000995636
2021-01-30,0.362619012594223
2021-01-31,0.344897985458374
2021-02-01,0.4020330011844635
2021-02-02,0.4262470006942749
2021-02-03,0.4413999915122986
2021-02-04,0.44105100631713867
2021-02-05,0.5378739833831787
2021-02-06,0.6278859972953796
2021-02-07,0.663237988948822
2021-02-08,0.6825109720230103
2021-02-09,0.7035160064697266
2021-02-10,0.9303179979324341
2021-02-11,0.9277409911155701
2021-02-12,0.925586998462677
2021-02-13,0.905718982219696
2021-02-14,0.8484190106391907
2021-02-15,0.8610119819641113
2021-02-16,0.8709509968757629
2021-02-17,0.8909199833869934
2021-02-18,0.9141190052032471
2021-02-19,0.9276490211486816
2021-02-20,1.1229579448699951
2021-02-21,1.1005200147628784
2021-02-22,1.0991510152816772
2021-02-23,0.954708993434906
2021-02-24,1.05165696144104
2021-02-25,1.0791159868240356
2021-02-26,1.2411049604415894
2021-02-27,1.3248599767684937
2021-02-28,1.3080589771270752
2021-03-01,1.2923879623413086
2021-03-02,1.2255820035934448
2021-03-03,1.2165930271148682
2021-03-04,1.1148680448532104
2021-03-05,1.1685229539871216
2021-03-06,1.131011962890625
2021-03-07,1.1333669424057007
2021-03-08,1.1180529594421387
2021-03-09,1.195160984992981
2021-03-10,1.1350029706954956
2021-03-11,1.1247899532318115
2021-03-12,1.0391440391540527
2021-03-13,1.1033140420913696
2021-03-14,1.0591540336608887
2021-03-15,1.033539056777954
2021-03-16,1.2429529428482056
2021-03-17,1.3786729574203491
2021-03-18,1.2390060424804688
2021-03-19,1.3021700382232666
2021-03-20,1.2065409421920776
2021-03-21,1.18913996219635
2021-03-22,1.1098740100860596
2021-03-23,1.1215519905090332
2021-03-24,1.0750019550323486
2021-03-25,1.1015739440917969
2021-03-26,1.2139689922332764
2021-03-27,1.1765769720077515
2021-03-28,1.1911239624023438
2021-03-29,1.2025409936904907
2021-03-30,1.2133170366287231
2021-03-31,1.1932640075683594
2021-04-01,1.189244031906128
2021-04-02,1.1965090036392212
2021-04-03,1.1732770204544067
2021-04-04,1.1914199590682983
2021-04-05,1.2143000364303589
2021-04-06,1.2553540468215942
2021-04-07,1.1751489639282227
2021-04-08,1.2194360494613647
2021-04-09,1.2035399675369263
2021-04-10,1.2187579870224
2021-04-11,1.2667349576950073
2021-04-12,1.3161269426345825
2021-04-13,1.4117859601974487
2021-04-14,1.4554200172424316
2021-04-15,1.4815880060195923
2021-04-16,1.4169490337371826
2021-04-17,1.3848689794540405
2021-04-18,1.275501012802124
2021-04-19,1.1979589462280273
2021-04-20,1.2659339904785156
2021-04-21,1.2067350149154663
2021-04-22,1.147017002105713
2021-04-23,1.155701994895935
2021-04-24,1.101354956626892
2021-04-25,1.0882500410079956
2021-04-26,1.2340190410614014
2021-04-27,1.306926965713501
2021-04-28,1.3356659412384033
2021-04-29,1.3080140352249146
2021-04-30,1.3524490594863892
2021-05-01,1.3530709743499756
2021-05-02,1.3268120288848877
2021-05-03,1.362030029296875
2021-05-04,1.274111032485962
2021-05-05,1.4755289554595947
2021-05-06,1.650123953819275
2021-05-07,1.65345299243927
2021-05-08,1.619554042816162
2021-05-09,1.7705620527267456
2021-05-10,1.6446959972381592
2021-05-11,1.7640769481658936
2021-05-12,1.5527750253677368
2021-05-13,1.9336680173873901
2021-05-14,2.004796028137207
2021-05-15,2.1740269660949707
2021-05-16,2.309113025665283
2021-05-17,2.032226085662842
2021-05-18,2.003662109375
2021-05-19,1.4825210571289062
2021-05-20,1.8104690313339233
2021-05-21,1.5522769689559937
2021-05-22,1.463621973991394
2021-05-23,1.325435996055603
2021-05-24,1.5494849681854248
2021-05-25,1.5553690195083618
2021-05-26,1.7827019691467285
2021-05-27,1.6459599733352661
2021-05-28,1.5119869709014893
2021-05-29,1.4062319993972778
2021-05-30,1.577278971672058
2021-05-31,1.742777943611145
2021-06-01,1.7347530126571655
2021-06-02,1.7528239488601685
2021-06-03,1.8404710292816162
2021-06-04,1.710908055305481
2021-06-05,1.6590089797973633
2021-06-06,1.6782480478286743
2021-06-07,1.5641059875488281
2021-06-08,1.5880299806594849
2021-06-09,1.6248259544372559
2021-06-10,1.5318570137023926
2021-06-11,1.436378002166748
2021-06-12,1.4802199602127075
2021-06-13,1.5583590269088745
2021-06-14,1.5751099586486816
2021-06-15,1.597756028175354
2021-06-16,1.4825730323791504
2021-06-17,1.482193946838379
2021-06-18,1.415395975112915
2021-06-19,1.390570044517517
2021-06-20,1.4291880130767822
2021-06-21,1.1774799823760986
2021-06-22,1.1532540321350098
2021-06-23,1.2528959512710571
2021-06-24,1.3560869693756104
2021-06-25,1.256477952003479
2021-06-26,1.250440001487732
2021-06-27,1.3352019786834717
2021-06-28,1.3247519731521606
2021-06-29,1.3684370517730713
2021-06-30,1.383471965789795
2021-07-01,1.3356109857559204
2021-07-02,1.3943970203399658
2021-07-03,1.4068360328674316
2021-07-04,1.458184003829956
2021-07-05,1.4048980474472046
2021-07-06,1.4180530309677124
2021-07-07,1.4031180143356323
2021-07-08,1.3301459550857544
2021-07-09,1.3494739532470703
2021-07-10,1.3360849618911743
2021-07-11,1.3481450080871582
2021-07-12,1.3150990009307861
2021-07-13,1.2650829553604126
2021-07-14,1.2622580528259277
2021-07-15,1.2231919765472412
2021-07-16,1.1737149953842163
2021-07-17,1.172302007675171
2021-07-18,1.183698058128357
2021-07-19,1.121116042137146
2021-07-20,1.0562909841537476
2021-07-21,1.168097972869873
2021-07-22,1.1861610412597656
2021-07-23,1.206307053565979
2021-07-24,1.2334970235824585
2021-07-25,1.2285009622573853
2021-07-26,1.2584929466247559
2021-07-27,1.2784459590911865
2021-07-28,1.2835040092468262
2021-07-29,1.2840839624404907
2021-07-30,1.3089519739151
2021-07-31,1.3223450183868408
2021-08-01,1.3177299499511719
2021-08-02,1.3100680112838745
2021-08-03,1.3650259971618652
2021-08-04,1.3765640258789062
2021-08-05,1.386144995689392
2021-08-06,1.401785969734192
2021-08-07,1.4706770181655884
2021-08-08,1.4278299808502197
2021-08-09,1.4776400327682495
2021-08-10,1.6725660562515259
2021-08-11,1.7980380058288574
2021-08-12,1.8238780498504639
2021-08-13,2.1360790729522705
2021-08-14,2.1916871070861816
2021-08-15,2.1691529750823975
2021-08-16,2.0794169902801514
2021-08-17,1.9266010522842407
2021-08-18,2.108560085296631
2021-08-19,2.4281399250030518
2021-08-20,2.4577019214630127
2021-08-21,2.4354350566864014
2021-08-22,2.7137250900268555
2021-08-23,2.917386054992676
2021-08-24,2.7210910320281982
2021-08-25,2.7381319999694824
2021-08-26,2.5355279445648193
2021-08-27,2.944196939468384
2021-08-28,2.847490072250366
2021-08-29,2.8559861183166504
2021-08-30,2.7331600189208984
2021-08-31,2.772475004196167
2021-09-01,2.870767116546631
2021-09-02,2.963438034057617
2021-09-03,2.9682390689849854
2021-09-04,2.8328070640563965
2021-09-05,2.9108240604400635
2021-09-06,2.831897020339966
2021-09-07,2.502490997314453
2021-09-08,2.4749889373779297
2021-09-09,2.5176661014556885
2021-09-10,2.385910987854004
2021-09-11,2.6339499950408936
2021-09-12,2.5817270278930664
2021-09-13,2.400662899017334
2021-09-14,2.3956379890441895
2021-09-15,2.5016350746154785
2021-09-16,2.420969009399414
2021-09-17,2.346419095993042
2021-09-18,2.3699779510498047
2021-09-19,2.282299041748047
2021-09-20,2.0639889240264893
2021-09-21,1.9870280027389526
2021-09-22,2.2661819458007812
2021-09-23,2.3309409618377686
2021-09-24,2.281269073486328
2021-09-25,2.3015410900115967
2021-09-26,2.2084949016571045
2021-09-27,2.1359050273895264
2021-09-28,2.0391390323638916
2021-09-29,2.065687894821167
2021-09-30,2.1144518852233887
2021-10-01,2.258126974105835
2021-10-02,2.2514588832855225
2021-10-03,2.252872943878174
2021-10-04,2.189234972000122
2021-10-05,2.233124017715454
2021-10-06,2.2121551036834717
2021-10-07,2.2769949436187744
2021-10-08,2.237175941467285
2021-10-09,2.2666149139404297
2021-10-10,2.197213888168335
2021-10-11,2.173388957977295
2021-10-12,2.119189977645874
2021-10-13,2.1890530586242676
2021-10-14,2.170362949371338
2021-10-15,2.214651107788086
2021-10-16,2.177712917327881
2021-10-17,2.1569631099700928
2021-10-18,2.128262996673584
2021-10-19,2.112962007522583
2021-10-20,2.1859500408172607
2021-10-21,2.1365909576416016
2021-10-22,2.1541988849639893
2021-10-23,2.1668150424957275
2021-10-24,2.1234350204467773
2021-10-25,2.144066095352173
2021-10-26,2.138777017593384
2021-10-27,1.9132369756698608
2021-10-28,1.9882190227508545
2021-10-29,2.0121870040893555
2021-10-30,1.9574220180511475
2021-10-31,1.9650260210037231
2021-11-01,1.9500019550323486
2021-11-02,1.9713770151138306
2021-11-03,2.0637009143829346
2021-11-04,1.9848819971084595
2021-11-05,1.9862060546875
2021-11-06,2.0066089630126953
2021-11-07,2.021872043609619
2021-11-08,2.1244189739227295
2021-11-09,2.2734830379486084
2021-11-10,2.101802110671997
2021-11-11,2.085524082183838
2021-11-12,2.0457661151885986
2021-11-13,2.0531039237976074
2021-11-14,2.0408530235290527
2021-11-15,2.015587091445923
2021-11-16,1.8772350549697876
2021-11-17,1.875540018081665
2021-11-18,1.7883310317993164
2021-11-19,1.8647929430007935
2021-11-20,1.9217360019683838
2021-11-21,1.8397630453109741
2021-11-22,1.7765549421310425
2021-11-23,1.7505029439926147
2021-11-24,1.6864229440689087
2021-11-25,1.6513450145721436
2021-11-26,1.5284199714660645
2021-11-27,1.5461180210113525
2021-11-28,1.5928549766540527
2021-11-29,1.6025079488754272
2021-11-30,1.5549030303955078
2021-12-01,1.547713041305542
2021-12-02,1.715366005897522
2021-12-03,1.5565550327301025
2021-12-04,1.420706033706665
2021-12-05,1.3781050443649292
2021-12-06,1.425392985343933
2021-12-07,1.3819409608840942
2021-12-08,1.3970739841461182
2021-12-09,1.2904399633407593
2021-12-10,1.2116889953613281
2021-12-11,1.354248046875
2021-12-12,1.3472820520401
2021-12-13,1.2253479957580566
2021-12-14,1.2228349447250366
2021-12-15,1.3118469715118408
2021-12-16,1.2405339479446411
2021-12-17,1.2198920249938965
2021-12-18,1.2425340414047241
2021-12-19,1.2446609735488892
2021-12-20,1.2382400035858154
2021-12-21,1.2808589935302734
2021-12-22,1.3280409574508667
2021-12-23,1.4746910333633423
2021-12-24,1.3923670053482056
2021-12-25,1.4534950256347656
2021-12-26,1.4560450315475464
2021-12-27,1.5129129886627197
2021-12-28,1.4022639989852905
2021-12-29,1.330814003944397
2021-12-30,1.360414981842041
2021-12-31,1.310209035873413
2022-01-01,1.3769750595092773
2022-01-02,1.3775839805603027
2022-01-03,1.3216370344161987
2022-01-04,1.3116580247879028
2022-01-05,1.236001968383789
2022-01-06,1.2797820568084717
2022-01-07,1.2115470170974731
2022-01-08,1.1875120401382446
2022-01-09,1.17385995388031
2022-01-10,1.128051996231079
2022-01-11,1.1851099729537964
2022-01-12,1.3045350313186646
2022-01-13,1.2331609725952148
2022-01-14,1.2909259796142578
2022-01-15,1.2962629795074463
2022-01-16,1.407251000404358
2022-01-17,1.5941309928894043
2022-01-18,1.4655410051345825
2022-01-19,1.34175705909729
2022-01-20,1.2580549716949463
2022-01-21,1.1232329607009888
2022-01-22,1.066715955734253
2022-01-23,1.122370958328247
2022-01-24,1.0665980577468872
2022-01-25,1.0435739755630493
2022-01-26,1.0790469646453857
2022-01-27,1.0435329675674438
2022-01-28,1.0506060123443604
2022-01-29,1.0595699548721313
2022-01-30,1.0374729633331299
2022-01-31,1.0523029565811157
2022-02-01,1.0886240005493164
2022-02-02,1.028905987739563
2022-02-03,1.0564440488815308
2022-02-04,1.1356240510940552
2022-02-05,1.1273449659347534
2022-02-06,1.1445469856262207
2022-02-07,1.1973069906234741
2022-02-08,1.1787199974060059
2022-02-09,1.1948100328445435
2022-02-10,1.1524779796600342
2022-02-11,1.080346941947937
2022-02-12,1.0581990480422974
2022-02-13,1.0458190441131592
2022-02-14,1.050266981124878
2022-02-15,1.1075860261917114
2022-02-16,1.0849809646606445
2022-02-17,1.0198949575424194
2022-02-18,0.9971129894256592
2022-02-19,0.9977030158042908
2022-02-20,0.9329019784927368
2022-02-21,0.8582360148429871
2022-02-22,0.8890169858932495
2022-02-23,0.8691689968109131
2022-02-24,0.8534250259399414
2022-02-25,0.8980270028114319
2022-02-26,0.8879179954528809
2022-02-27,0.858335018157959
2022-02-28,0.9598280191421509
2022-03-01,0.9623460173606873
2022-03-02,0.9386619925498962
2022-03-03,0.902658998966217
2022-03-04,0.8428890109062195
2022-03-05,0.8656719923019409
2022-03-06,0.8237519860267639
2022-03-07,0.7973790168762207
2022-03-08,0.8012499809265137
2022-03-09,0.8492929935455322
2022-03-10,0.8063160181045532
2022-03-11,0.7901250123977661
2022-03-12,0.7906739711761475
2022-03-13,0.7909950017929077
2022-03-14,0.8039169907569885
2022-03-15,0.8000059723854065
2022-03-16,0.8383740186691284
2022-03-17,0.8367840051651001
2022-03-18,0.8534330129623413
2022-03-19,0.9010990262031555
2022-03-20,0.8770920038223267
2022-03-21,0.916782021522522
2022-03-22,0.9764400124549866
2022-03-23,1.1074819564819336
2022-03-24,1.130010962486267
2022-03-25,1.0978879928588867
2022-03-26,1.1505939960479736
2022-03-27,1.1821479797363281
2022-03-28,1.1701840162277222
2022-03-29,1.1911120414733887
2022-03-30,1.1903849840164185
2022-03-31,1.1418509483337402
2022-04-01,1.1654249429702759
2022-04-02,1.1560070514678955
2022-04-03,1.1859409809112549
2022-04-04,1.2129449844360352
2022-04-05,1.170801043510437
2022-04-06,1.052770972251892
2022-04-07,1.0918940305709839
2022-04-08,1.0263259410858154
2022-04-09,1.0450149774551392
2022-04-10,1.0308849811553955
2022-04-11,0.92044997215271
2022-04-12,0.955145001411438
2022-04-13,0.9746959805488586
2022-04-14,0.9324120283126831
2022-04-15,0.9547169804573059
2022-04-16,0.9526399970054626
2022-04-17,0.9174659848213196
2022-04-18,0.9367300271987915
2022-04-19,0.9533330202102661
2022-04-20,0.9373409748077393
2022-04-21,0.9104740023612976
2022-04-22,0.9071540236473083
2022-04-23,0.8885030150413513
2022-04-24,0.8863499760627747
2022-04-25,0.8986949920654297
2022-04-26,0.8276450037956238
2022-04-27,0.840595006942749
2022-04-28,0.8439499735832214
2022-04-29,0.8050429821014404
2022-04-30,0.756659984588623
2022-05-01,0.7903439998626709
2022-05-02,0.7815290093421936
2022-05-03,0.7711449861526489
2022-05-04,0.8969420194625854
2022-05-05,0.7911520004272461
2022-05-06,0.7833589911460876
2022-05-07,0.7618820071220398
2022-05-08,0.73956298828125
2022-05-09,0.6100879907608032
2022-05-10,0.6289629936218262
2022-05-11,0.5127999782562256
2022-05-12,0.47374600172042847
2022-05-13,0.5288770198822021
2022-05-14,0.5393580198287964
2022-05-15,0.5975000262260437
2022-05-16,0.5567160248756409
2022-05-17,0.5780770182609558
2022-05-18,0.5056149959564209
2022-05-19,0.5333210229873657
2022-05-20,0.5179070234298706
2022-05-21,0.5283139944076538
2022-05-22,0.5426179766654968
2022-05-23,0.5126050114631653
2022-05-24,0.5212240219116211
2022-05-25,0.5138769745826721
2022-05-26,0.48088300228118896
2022-05-27,0.4555070102214813
2022-05-28,0.4647639989852905
2022-05-29,0.48112601041793823
2022-05-30,0.5700730085372925
2022-05-31,0.6252539753913879
2022-06-01,0.5527499914169312
2022-06-02,0.5877950191497803
2022-06-03,0.5596579909324646
2022-06-04,0.5660690069198608
2022-06-05,0.5670899748802185
2022-06-06,0.6093279719352722
2022-06-07,0.6154450178146362
2022-06-08,0.6416140198707581
2022-06-09,0.6329200267791748
2022-06-10,0.5742160081863403
2022-06-11,0.5527769923210144
2022-06-12,0.4968610107898712
2022-06-13,0.4631330072879791
2022-06-14,0.48438599705696106
2022-06-15,0.5332959890365601
2022-06-16,0.47502198815345764
2022-06-17,0.48739200830459595
2022-06-18,0.45618200302124023
2022-06-19,0.48436400294303894
2022-06-20,0.49226099252700806
2022-06-21,0.479203999042511
2022-06-22,0.4585680067539215
2022-06-23,0.4802919924259186
2022-06-24,0.4992240071296692
2022-06-25,0.49894601106643677
2022-06-26,0.48965299129486084
2022-06-27,0.4857900142669678
2022-06-28,0.46967101097106934
2022-06-29,0.46550899744033813
2022-06-30,0.4588490128517151
2022-07-01,0.44808900356292725
2022-07-02,0.45635101199150085
2022-07-03,0.4555869996547699
2022-07-04,0.4696440100669861
2022-07-05,0.45763200521469116
2022-07-06,0.4621790051460266
2022-07-07,0.4778119921684265
2022-07-08,0.46731099486351013
2022-07-09,0.4787600040435791
2022-07-10,0.4632200002670288
2022-07-11,0.4355199933052063
2022-07-12,0.417928010225296
2022-07-13,0.43810799717903137
2022-07-14,0.4410249888896942
2022-07-15,0.4424560070037842
2022-07-16,0.45723000168800354
2022-07-17,0.4473530054092407
2022-07-18,0.4925430119037628
2022-07-19,0.5157679915428162
2022-07-20,0.49104300141334534
2022-07-21,0.5000979900360107
2022-07-22,0.4839459955692291
2022-07-23,0.5173680186271667
2022-07-24,0.5138139724731445
2022-07-25,0.4762499928474426
2022-07-26,0.4676069915294647
2022-07-27,0.5105530023574829
2022-07-28,0.5133280158042908
2022-07-29,0.5233349800109863
2022-07-30,0.5255759954452515
2022-07-31,0.5170199871063232
2022-08-01,0.5141230225563049
2022-08-02,0.4968329966068268
2022-08-03,0.5009880065917969
2022-08-04,0.4996680021286011
2022-08-05,0.517503023147583
2022-08-06,0.5112559795379639
2022-08-07,0.5274699926376343
2022-08-08,0.5365960001945496
2022-08-09,0.5140519738197327
2022-08-10,0.5370929837226868
2022-08-11,0.5312579870223999
2022-08-12,0.5407530069351196
2022-08-13,0.5598130226135254
2022-08-14,0.570343017578125
2022-08-15,0.5511710047721863
2022-08-16,0.5579149723052979
2022-08-17,0.5370380282402039
2022-08-18,0.5126330256462097
2022-08-19,0.450980007648468
2022-08-20,0.45138800144195557
2022-08-21,0.4635460078716278
2022-08-22,0.46144598722457886
2022-08-23,0.4652070105075836
2022-08-24,0.4581089913845062
2022-08-25,0.4649989902973175
2022-08-26,0.43086299300193787
2022-08-27,0.44970300793647766
2022-08-28,0.43004900217056274
2022-08-29,0.4507029950618744
2022-08-30,0.4521690011024475
2022-08-31,0.4466649889945984
2022-09-01,0.4574809968471527
2022-09-02,0.45455899834632874
2022-09-03,0.48038700222969055
2022-09-04,0.5030840039253235
2022-09-05,0.4991210103034973
2022-09-06,0.4630660116672516
2022-09-07,0.4792819917201996
2022-09-08,0.4792740046977997
2022-09-09,0.5029199719429016
2022-09-10,0.5124220252037048
2022-09-11,0.5097519755363464
2022-09-12,0.5015460252761841
2022-09-13,0.4688810110092163
2022-09-14,0.4813759922981262
2022-09-15,0.4656440019607544
2022-09-16,0.47412601113319397
2022-09-17,0.4871560037136078
2022-09-18,0.4471859931945801
2022-09-19,0.4535039961338043
2022-09-20,0.44189900159835815
2022-09-21,0.4411590099334717
2022-09-22,0.4589659869670868
2022-09-23,0.4618209898471832
2022-09-24,0.45159998536109924
2022-09-25,0.4461880028247833
2022-09-26,0.4467569887638092
2022-09-27,0.44189000129699707
2022-09-28,0.4372900128364563
2022-09-29,0.4381699860095978
2022-09-30,0.43441399931907654
2022-10-01,0.4302929937839508
2022-10-02,0.41963300108909607
2022-10-03,0.42799800634384155
2022-10-04,0.43576499819755554
2022-10-05,0.4312730133533478
2022-10-06,0.4286870062351227
2022-10-07,0.4243200123310089
2022-10-08,0.4217360019683838
2022-10-09,0.4230720102787018
2022-10-10,0.4018009901046753
2022-10-11,0.3905400037765503
2022-10-12,0.3813000023365021
2022-10-13,0.3776380121707916
2022-10-14,0.36685100197792053
2022-10-15,0.36374399065971375
2022-10-16,0.37028101086616516
2022-10-17,0.3723450005054474
2022-10-18,0.3618200123310089
2022-10-19,0.3500320017337799
2022-10-20,0.340254008769989
2022-10-21,0.3490769863128662
2022-10-22,0.351408988237381
2022-10-23,0.3620989918708801
2022-10-24,0.35785698890686035
2022-10-25,0.4019879996776581
2022-10-26,0.4034920036792755
2022-10-27,0.3886969983577728
2022-10-28,0.40450701117515564
2022-10-29,0.4197779893875122
2022-10-30,0.406046986579895
2022-10-31,0.4063360095024109
2022-11-01,0.40140199661254883
2022-11-02,0.3860760033130646
2022-11-03,0.3894200026988983
2022-11-04,0.4215250015258789
2022-11-05,0.4267350137233734
2022-11-06,0.4030050039291382
2022-11-07,0.40425899624824524
2022-11-08,0.37183400988578796
2022-11-09,0.3178369998931885
2022-11-10,0.36897701025009155
2022-11-11,0.3546670079231262
2022-11-12,0.3391439914703369
2022-11-13,0.3301270008087158
2022-11-14,0.33184900879859924
2022-11-15,0.3370090126991272
2022-11-16,0.3323819935321808
2022-11-17,0.32485899329185486
2022-11-18,0.3262209892272949
2022-11-19,0.3285120129585266
2022-11-20,0.3123070001602173
2022-11-21,0.3045479953289032
2022-11-22,0.31192201375961304
2022-11-23,0.3183169960975647
2022-11-24,0.31645798683166504
2022-11-25,0.31498900055885315
2022-11-26,0.3137899935245514
2022-11-27,0.3124539852142334
2022-11-28,0.3066999912261963
2022-11-29,0.3093720078468323
2022-11-30,0.3188830018043518
2022-12-01,0.31448400020599365
2022-12-02,0.31940698623657227
2022-12-03,0.3196539878845215
2022-12-04,0.3227500021457672
2022-12-05,0.31951698660850525
2022-12-06,0.3184640109539032
2022-12-07,0.3103199899196625
2022-12-08,0.31484299898147583
2022-12-09,0.3116770088672638
2022-12-10,0.31260600686073303
2022-12-11,0.30771100521087646
2022-12-12,0.3069489896297455
2022-12-13,0.3128649890422821
2022-12-14,0.308133989572525
2022-12-15,0.3002009987831116
2022-12-16,0.2640700042247772
2022-12-17,0.2669000029563904
2022-12-18,0.26633501052856445
2022-12-19,0.2529439926147461
2022-12-20,0.2590070068836212
2022-12-21,0.2531540095806122
2022-12-22,0.2565230131149292
2022-12-23,0.259429007768631
2022-12-24,0.25936800241470337
2022-12-25,0.2592700123786926
2022-12-26,0.265296995639801
2022-12-27,0.2603699862957001
2022-12-28,0.2483779937028885
2022-12-29,0.24413999915122986
2022-12-30,0.2455569952726364
2022-12-31,0.2464659959077835
2023-01-01,0.24977099895477295
2023-01-02,0.2538279891014099
2023-01-03,0.2527959942817688
2023-01-04,0.2676770091056824
2023-01-05,0.26910200715065
2023-01-06,0.27865201234817505
2023-01-07,0.2771050035953522
2023-01-08,0.29521799087524414
2023-01-09,0.31710198521614075
2023-01-10,0.3224959969520569
2023-01-11,0.32274898886680603
2023-01-12,0.3297579884529114
2023-01-13,0.34577101469039917
2023-01-14,0.35255199670791626
2023-01-15,0.3503679931163788
2023-01-16,0.3500399887561798
2023-01-17,0.3457610011100769
2023-01-18,0.3268350064754486
2023-01-19,0.3390989899635315
2023-01-20,0.3645859956741333
2023-01-21,0.3690260052680969
2023-01-22,0.37659400701522827
2023-01-23,0.3755039870738983
2023-01-24,0.3592970073223114
2023-01-25,0.3734099864959717
2023-01-26,0.38005900382995605
2023-01-27,0.3889789879322052
2023-01-28,0.38235101103782654
2023-01-29,0.39631301164627075
2023-01-30,0.37251099944114685
2023-01-31,0.3909260034561157
2023-02-01,0.3972429931163788
2023-02-02,0.39756301045417786
2023-02-03,0.40433600544929504
2023-02-04,0.399726003408432
2023-02-05,0.3924719989299774
2023-02-06,0.38242098689079285
2023-02-07,0.39921000599861145
2023-02-08,0.3940330147743225
2023-02-09,0.36253100633621216
2023-02-10,0.3586350083351135
2023-02-11,0.36920198798179626
2023-02-12,0.36429598927497864
2023-02-13,0.35962700843811035
2023-02-14,0.3864409923553467
2023-02-15,0.4181149899959564
2023-02-16,0.38790199160575867
2023-02-17,0.4039430022239685
2023-02-18,0.40633100271224976
2023-02-19,0.4001069962978363
2023-02-20,0.40400299429893494
2023-02-21,0.3924170136451721
2023-02-22,0.38892099261283875
2023-02-23,0.3830229938030243
2023-02-24,0.3658190071582794
2023-02-25,0.3623639941215515
2023-02-26,0.3689729869365692
2023-02-27,0.36489900946617126
2023-02-28,0.3524540066719055
2023-03-01,0.36035600304603577
2023-03-02,0.3502059876918793
2023-03-03,0.34273698925971985
2023-03-04,0.33649900555610657
2023-03-05,0.3371019959449768
2023-03-06,0.3308210074901581
2023-03-07,0.33048298954963684
2023-03-08,0.3175770044326782
2023-03-09,0.30967798829078674
2023-03-10,0.3153420090675354
2023-03-11,0.307327002286911
2023-03-12,0.33153900504112244
2023-03-13,0.34458500146865845
2023-03-14,0.3443079888820648
2023-03-15,0.3246369957923889
2023-03-16,0.3253830075263977
2023-03-17,0.35052400827407837
2023-03-18,0.33771100640296936
2023-03-19,0.3460099995136261
2023-03-20,0.33259499073028564
2023-03-21,0.37123599648475647
2023-03-22,0.36061298847198486
2023-03-23,0.37204501032829285
2023-03-24,0.3600830137729645
2023-03-25,0.3519960045814514
2023-03-26,0.3562450110912323
2023-03-27,0.34551000595092773
2023-03-28,0.3683539927005768
2023-03-29,0.38158899545669556
2023-03-30,0.376459002494812
2023-03-31,0.39892300963401794
2023-04-01,0.38538798689842224
2023-04-02,0.38175299763679504
2023-04-03,0.3871389925479889
2023-04-04,0.3896830081939697
2023-04-05,0.3923639953136444
2023-04-06,0.3832100033760071
2023-04-07,0.3836430013179779
2023-04-08,0.38563498854637146
2023-04-09,0.3896929919719696
2023-04-10,0.39698898792266846
2023-04-11,0.40145599842071533
2023-04-12,0.40656301379203796
2023-04-13,0.4257589876651764
2023-04-14,0.4383299946784973
2023-04-15,0.4532800018787384
2023-04-16,0.45175498723983765
2023-04-17,0.4341669976711273
2023-04-18,0.4437519907951355
2023-04-19,0.4157930016517639
2023-04-20,0.40073099732398987
2023-04-21,0.38293901085853577
2023-04-22,0.3961530029773712
2023-04-23,0.3889999985694885
2023-04-24,0.3839159905910492
2023-04-25,0.3949190080165863
2023-04-26,0.4014979898929596
2023-04-27,0.40984299778938293
2023-04-28,0.4049319922924042
2023-04-29,0.40278398990631104
2023-04-30,0.39735400676727295
2023-05-01,0.3868570029735565
2023-05-02,0.391772985458374
2023-05-03,0.3939419984817505
2023-05-04,0.3874480128288269
2023-05-05,0.39468398690223694
2023-05-06,0.3801189959049225
2023-05-07,0.37690600752830505
2023-05-08,0.3658280074596405
2023-05-09,0.36380600929260254
2023-05-10,0.369937002658844
2023-05-11,0.36003899574279785
2023-05-12,0.3704630136489868
2023-05-13,0.36503100395202637
2023-05-14,0.3707610070705414
2023-05-15,0.3674820065498352
2023-05-16,0.3678300082683563
2023-05-17,0.3754250109195709
2023-05-18,0.372078001499176
2023-05-19,0.36821499466896057
2023-05-20,0.3663569986820221
2023-05-21,0.3603630065917969
2023-05-22,0.3679969906806946
2023-05-23,0.37048399448394775
2023-05-24,0.36423400044441223
2023-05-25,0.35841599106788635
2023-05-26,0.3628840148448944
2023-05-27,0.3667739927768707
2023-05-28,0.3829990029335022
2023-05-29,0.3791379928588867
2023-05-30,0.3779340088367462
2023-05-31,0.3744029998779297
2023-06-01,0.3647240102291107
2023-06-02,0.37830400466918945
2023-06-03,0.37602800130844116
2023-06-04,0.3776929974555969
2023-06-05,0.3520149886608124
2023-06-06,0.3537150025367737
2023-06-07,0.3222779929637909
2023-06-08,0.32315701246261597
2023-06-09,0.295401006937027
2023-06-10,0.2761940062046051
2023-06-11,0.2726300060749054
2023-06-12,0.27504798769950867
2023-06-13,0.27498599886894226
2023-06-14,0.2632260024547577
2023-06-15,0.26195698976516724
2023-06-16,0.2631849944591522
2023-06-17,0.2669279873371124
2023-06-18,0.26096299290657043
2023-06-19,0.263047993183136
2023-06-20,0.27032899856567383
2023-06-21,0.28700000047683716
2023-06-22,0.2903130054473877
2023-06-23,0.29648199677467346
2023-06-24,0.290012001991272
2023-06-25,0.2923249900341034
2023-06-26,0.28035399317741394
2023-06-27,0.28652000427246094
2023-06-28,0.2671689987182617
2023-06-29,0.2755639851093292
2023-06-30,0.2869560122489929
2023-07-01,0.2923400104045868
2023-07-02,0.29205501079559326
2023-07-03,0.29631099104881287
2023-07-04,0.29261499643325806
2023-07-05,0.2844710052013397
2023-07-06,0.27970001101493835
2023-07-07,0.2845250070095062
2023-07-08,0.29065099358558655
2023-07-09,0.2845909893512726
2023-07-10,0.2879909873008728
2023-07-11,0.29281800985336304
2023-07-12,0.2887580096721649
2023-07-13,0.3576579988002777
2023-07-14,0.3288010060787201
2023-07-15,0.32636499404907227
2023-07-16,0.3148840069770813
2023-07-17,0.31248900294303894
2023-07-18,0.3073990046977997
2023-07-19,0.323513001203537
2023-07-20,0.31609299778938293
2023-07-21,0.313291996717453
2023-07-22,0.3097720146179199
2023-07-23,0.31716299057006836
2023-07-24,0.305308997631073
2023-07-25,0.30401700735092163
2023-07-26,0.30664101243019104
2023-07-27,0.30752500891685486
2023-07-28,0.3102009892463684
2023-07-29,0.3127650022506714
2023-07-30,0.31563299894332886
2023-07-31,0.30748799443244934
2023-08-01,0.3099510073661804
2023-08-02,0.2993890047073364
2023-08-03,0.29257598519325256
2023-08-04,0.2933880090713501
2023-08-05,0.293628990650177
2023-08-06,0.2920820116996765
2023-08-07,0.2902959883213043
2023-08-08,0.2977449893951416
2023-08-09,0.3011400103569031
2023-08-10,0.2961300015449524
2023-08-11,0.2934499979019165
2023-08-12,0.29183700680732727
2023-08-13,0.28953099250793457
2023-08-14,0.29061099886894226
2023-08-15,0.2818169891834259
2023-08-16,0.2745319902896881
2023-08-17,0.2559579908847809
2023-08-18,0.2638919949531555
2023-08-19,0.26837798953056335
2023-08-20,0.27070900797843933
2023-08-21,0.2631790041923523
2023-08-22,0.2583659887313843
2023-08-23,0.2679649889469147
2023-08-24,0.26588401198387146
2023-08-25,0.2610799968242645
2023-08-26,0.26095300912857056
2023-08-27,0.26344600319862366
2023-08-28,0.2674340009689331
2023-08-29,0.27244898676872253
2023-08-30,0.2656539976596832
2023-08-31,0.2553730010986328
2023-09-01,0.25518500804901123
2023-09-02,0.2562299966812134
2023-09-03,0.2557930052280426
2023-09-04,0.25614601373672485
2023-09-05,0.25761398673057556
2023-09-06,0.25766700506210327
2023-09-07,0.2577199935913086
2023-09-08,0.2543700039386749
2023-09-09,0.25349199771881104
2023-09-10,0.2490520030260086
2023-09-11,0.24187299609184265
2023-09-12,0.24586999416351318
2023-09-13,0.24888400733470917
2023-09-14,0.2511810064315796
2023-09-15,0.2506429851055145
2023-09-16,0.250436007976532
2023-09-17,0.24731600284576416
2023-09-18,0.25174298882484436
2023-09-19,0.25525999069213867
2023-09-20,0.2516300082206726
2023-09-21,0.24545499682426453
2023-09-22,0.2449219971895218
2023-09-23,0.2461329996585846
2023-09-24,0.243026003241539
2023-09-25,0.24588100612163544
2023-09-26,0.2453950047492981
2023-09-27,0.24479100108146667
2023-09-28,0.24911999702453613
2023-09-29,0.24953599274158478
2023-09-30,0.2540470063686371
2023-10-01,0.2658950090408325
2023-10-02,0.2595129907131195
2023-10-03,0.261027991771698
2023-10-04,0.25931501388549805
2023-10-05,0.2601490020751953
2023-10-06,0.2648720145225525
2023-10-07,0.2587350010871887
2023-10-08,0.25662899017333984
2023-10-09,0.25164198875427246
2023-10-10,0.24914099276065826
2023-10-11,0.24800099432468414
2023-10-12,0.2459219992160797
2023-10-13,0.24614599347114563
2023-10-14,0.2470110058784485
2023-10-15,0.24735599756240845
2023-10-16,0.25156301259994507
2023-10-17,0.24711500108242035
2023-10-18,0.2434529960155487
2023-10-19,0.24692299962043762
2023-10-20,0.25113800168037415
2023-10-21,0.25858500599861145
2023-10-22,0.2635729908943176
2023-10-23,0.2799539864063263
2023-10-24,0.27899301052093506
2023-10-25,0.28055599331855774
2023-10-26,0.2872920036315918
2023-10-27,0.289467990398407
2023-10-28,0.29124999046325684
2023-10-29,0.2952829897403717
2023-10-30,0.30273398756980896
2023-10-31,0.2931070029735565
2023-11-01,0.3074589967727661
2023-11-02,0.32314199209213257
2023-11-03,0.32902100682258606
2023-11-04,0.32854199409484863
2023-11-05,0.34286999702453613
2023-11-06,0.36340799927711487
2023-11-07,0.3515709936618805
2023-11-08,0.35835000872612
2023-11-09,0.3683350086212158
2023-11-10,0.38620999455451965
2023-11-11,0.38456401228904724
2023-11-12,0.38338300585746765
2023-11-13,0.35841500759124756
2023-11-14,0.3578700125217438
2023-11-15,0.37929201126098633
2023-11-16,0.37176600098609924
2023-11-17,0.36660900712013245
2023-11-18,0.3776940107345581
2023-11-19,0.38452500104904175
2023-11-20,0.38068199157714844
2023-11-21,0.3586310148239136
2023-11-22,0.3806599974632263
2023-11-23,0.38667500019073486
2023-11-24,0.3862130045890808
2023-11-25,0.3948110044002533
2023-11-26,0.3881849944591522
2023-11-27,0.37835898995399475
2023-11-28,0.3856239914894104
2023-11-29,0.38177600502967834
2023-11-30,0.3758949935436249
2023-12-01,0.3842020034790039
2023-12-02,0.39779800176620483
2023-12-03,0.39515501260757446
2023-12-04,0.406810998916626
2023-12-05,0.4256579875946045
2023-12-06,0.4424059987068176
2023-12-07,0.4564320147037506
2023-12-08,0.5459210276603699
2023-12-09,0.5785999894142151
2023-12-10,0.5941550135612488
2023-12-11,0.5510209798812866
2023-12-12,0.5764070153236389
2023-12-13,0.6652439832687378
2023-12-14,0.6434779763221741
2023-12-15,0.6014080047607422
2023-12-16,0.60760897397995
2023-12-17,0.5803139805793762
2023-12-18,0.6010329723358154
2023-12-19,0.5766000151634216
2023-12-20,0.5893290042877197
2023-12-21,0.6365990042686462
2023-12-22,0.6242160201072693
2023-12-23,0.6145480275154114
2023-12-24,0.5939549803733826
2023-12-25,0.6257209777832031
2023-12-26,0.6087989807128906
2023-12-27,0.6335350275039673
2023-12-28,0.6174219846725464
2023-12-29,0.608493983745575
2023-12-30,0.601963996887207
2023-12-31,0.5942050218582153
2024-01-01,0.6231099963188171
2024-01-02,0.605666995048523
2024-01-03,0.5572860240936279
2024-01-04,0.5705670118331909
2024-01-05,0.5412420034408569
2024-01-06,0.5231029987335205
2024-01-07,0.4941740036010742
2024-01-08,0.5409359931945801
2024-01-09,0.5115270018577576
2024-01-10,0.5666469931602478
2024-01-11,0.5821790099143982
2024-01-12,0.5473330020904541
2024-01-13,0.5493360161781311
2024-01-14,0.5259810090065002
2024-01-15,0.5281609892845154
2024-01-16,0.5356760025024414
2024-01-17,0.5270289778709412
2024-01-18,0.5018740296363831
2024-01-19,0.503150999546051
2024-01-20,0.5150049924850464
2024-01-21,0.5031049847602844
2024-01-22,0.4785020053386688
2024-01-23,0.4767490029335022
2024-01-24,0.47629600763320923
2024-01-25,0.46647900342941284
2024-01-26,0.48529401421546936
2024-01-27,0.48632100224494934
2024-01-28,0.4897190034389496
2024-01-29,0.5252749919891357
2024-01-30,0.5141649842262268
2024-01-31,0.49825599789619446
2024-02-01,0.5070229768753052
2024-02-02,0.5139579772949219
2024-02-03,0.5128610134124756
2024-02-04,0.49425598978996277
2024-02-05,0.49333998560905457
2024-02-06,0.4984630048274994
2024-02-07,0.5017729997634888
2024-02-08,0.5292689800262451
2024-02-09,0.5407919883728027
2024-02-10,0.5514119863510132
2024-02-11,0.5414100289344788
2024-02-12,0.560030996799469
2024-02-13,0.5449960231781006
2024-02-14,0.5773019790649414
2024-02-15,0.6083629727363586
2024-02-16,0.5988720059394836
2024-02-17,0.6083459854125977
2024-02-18,0.6187340021133423
2024-02-19,0.6310629844665527
2024-02-20,0.6221650242805481
2024-02-21,0.5984579920768738
2024-02-22,0.5859019756317139
2024-02-23,0.5832419991493225
2024-02-24,0.5966960191726685
2024-02-25,0.5913789868354797
2024-02-26,0.6197360157966614
2024-02-27,0.6242160201072693
2024-02-28,0.6310589909553528
2024-02-29,0.655646026134491
2024-03-01,0.7190809845924377
2024-03-02,0.7409279942512512
2024-03-03,0.7282379865646362
2024-03-04,0.7712939977645874
2024-03-05,0.6934900283813477
2024-03-06,0.7338209748268127
2024-03-07,0.7447419762611389
2024-03-08,0.7248539924621582
2024-03-09,0.7437130212783813
2024-03-10,0.7172269821166992
2024-03-11,0.7741900086402893
2024-03-12,0.7480549812316895
2024-03-13,0.7645800113677979
2024-03-14,0.7504739761352539
2024-03-15,0.7264410257339478
2024-03-16,0.6595349907875061
2024-03-17,0.681098997592926
2024-03-18,0.6612579822540283
2024-03-19,0.5869140028953552
2024-03-20,0.6394810080528259
2024-03-21,0.6318680047988892
2024-03-22,0.6132630109786987
2024-03-23,0.6258620023727417
2024-03-24,0.6461570262908936
2024-03-25,0.656948983669281
2024-03-26,0.6650339961051941
2024-03-27,0.6484829783439636
2024-03-28,0.6507940292358398
2024-03-29,0.6644030213356018
2024-03-30,0.6443660259246826
2024-03-31,0.650426983833313
2024-04-01,0.6216840147972107
2024-04-02,0.5809869766235352
2024-04-03,0.5712779760360718
2024-04-04,0.582955002784729
2024-04-05,0.5748339891433716
2024-04-06,0.5843380093574524
2024-04-07,0.5894740223884583
2024-04-08,0.6141589879989624
2024-04-09,0.5918930172920227
2024-04-10,0.5862550139427185
2024-04-11,0.5861909985542297
2024-04-12,0.5035750269889832
2024-04-13,0.4479080140590668
2024-04-14,0.46891099214553833
2024-04-15,0.46079498529434204
2024-04-16,0.45860499143600464
2024-04-17,0.4442949891090393
2024-04-18,0.45814400911331177
2024-04-19,0.46878400444984436
2024-04-20,0.5059080123901367
2024-04-21,0.4992919862270355
2024-04-22,0.516884982585907
2024-04-23,0.5001959800720215
2024-04-24,0.4749099910259247
2024-04-25,0.47102001309394836
2024-04-26,0.46272900700569153
2024-04-27,0.46703198552131653
2024-04-28,0.46047401428222656
2024-04-29,0.4573650062084198
2024-04-30,0.44081199169158936
2024-05-01,0.44986599683761597
2024-05-02,0.4582819938659668
2024-05-03,0.46754398941993713
2024-05-04,0.463577002286911
2024-05-05,0.4583339989185333
2024-05-06,0.4542880058288574
2024-05-07,0.4418730139732361
2024-05-08,0.45255300402641296
2024-05-09,0.4635010063648224
2024-05-10,0.4482499957084656
2024-05-11,0.4388760030269623
2024-05-12,0.4376530051231384
2024-05-13,0.43654000759124756
2024-05-14,0.42806899547576904
2024-05-15,0.45298799872398376
2024-05-16,0.4596950113773346
2024-05-17,0.4819999933242798
2024-05-18,0.48240798711776733
2024-05-19,0.467602014541626
2024-05-20,0.5017579793930054
2024-05-21,0.4947740137577057
2024-05-22,0.48312699794769287
2024-05-23,0.46533000469207764
2024-05-24,0.4594939947128296
2024-05-25,0.4620720148086548
2024-05-26,0.4583750069141388
2024-05-27,0.46796301007270813
2024-05-28,0.45699000358581543
2024-05-29,0.45099499821662903
2024-05-30,0.44658100605010986
2024-05-31,0.44746100902557373
2024-06-01,0.44997501373291016
2024-06-02,0.4464940130710602
2024-06-03,0.45703598856925964
2024-06-04,0.46148499846458435
2024-06-05,0.46117499470710754
2024-06-06,0.4581019878387451
2024-06-07,0.44964298605918884
2024-06-08,0.43657100200653076
2024-06-09,0.44410601258277893
2024-06-10,0.44046100974082947
2024-06-11,0.4218910038471222
2024-06-12,0.4377959966659546
2024-06-13,0.4211849868297577
2024-06-14,0.41168299317359924
2024-06-15,0.41369500756263733
2024-06-16,0.41637900471687317
2024-06-17,0.40175798535346985
2024-06-18,0.3835799992084503
2024-06-19,0.3837909996509552
2024-06-20,0.38424399495124817
2024-06-21,0.37605199217796326
2024-06-22,0.38481199741363525
2024-06-23,0.3803029954433441
2024-06-24,0.3777649998664856
2024-06-25,0.3918589949607849
2024-06-26,0.38475000858306885
2024-06-27,0.3907009959220886
2024-06-28,0.38542601466178894
2024-06-29,0.38396498560905457
2024-06-30,0.392192006111145
2024-07-01,0.40290701389312744
2024-07-02,0.4177750051021576
2024-07-03,0.4067380130290985
2024-07-04,0.36285901069641113
2024-07-05,0.3498849868774414
2024-07-06,0.37122100591659546
2024-07-07,0.34661799669265747
2024-07-08,0.3690069913864136
2024-07-09,0.375328004360199
2024-07-10,0.38883501291275024
2024-07-11,0.39581701159477234
2024-07-12,0.4165239930152893
2024-07-13,0.441415011882782
2024-07-14,0.43234801292419434
2024-07-15,0.44558200240135193
2024-07-16,0.43818899989128113
2024-07-17,0.4367479979991913
2024-07-18,0.42390599846839905
2024-07-19,0.43903398513793945
2024-07-20,0.43763700127601624
2024-07-21,0.44607698917388916
2024-07-22,0.42654699087142944
2024-07-23,0.41009700298309326
2024-07-24,0.4068470001220703
2024-07-25,0.3946709930896759
2024-07-26,0.41774699091911316
2024-07-27,0.41819798946380615
2024-07-28,0.40738698840141296
2024-07-29,0.404013991355896
2024-07-30,0.40167999267578125
2024-07-31,0.38877299427986145
2024-08-01,0.3927060067653656
2024-08-02,0.36382201313972473
2024-08-03,0.364095002412796
2024-08-04,0.3439379930496216
2024-08-05,0.31315499544143677
2024-08-06,0.3307819962501526
2024-08-07,0.3236980140209198
2024-08-08,0.35181400179862976
2024-08-09,0.3485470116138458
2024-08-10,0.3462890088558197
2024-08-11,0.32832199335098267
2024-08-12,0.33897700905799866
2024-08-13,0.3401539921760559
2024-08-14,0.3354550004005432
2024-08-15,0.3253529965877533
2024-08-16,0.3304719924926758
2024-08-17,0.3368859887123108
2024-08-18,0.33483099937438965
2024-08-19,0.3367530107498169
2024-08-20,0.34368500113487244
2024-08-21,0.3690589964389801
2024-08-22,0.3765360116958618
2024-08-23,0.39153599739074707
2024-08-24,0.39400699734687805
2024-08-25,0.3849790096282959
2024-08-26,0.36695700883865356
2024-08-27,0.35051101446151733
2024-08-28,0.35019201040267944
2024-08-29,0.35704100131988525
2024-08-30,0.34715399146080017
2024-08-31,0.3453519940376282
2024-09-01,0.33173999190330505
2024-09-02,0.3359679877758026
2024-09-03,0.3185510039329529
2024-09-04,0.32352399826049805
2024-09-05,0.32506200671195984
2024-09-06,0.31471800804138184
2024-09-07,0.3250730037689209
2024-09-08,0.33865898847579956
2024-09-09,0.34340599179267883
2024-09-10,0.3434770107269287
2024-09-11,0.3530539870262146
2024-09-12,0.3562929928302765
2024-09-13,0.36090001463890076
2024-09-14,0.35447999835014343
2024-09-15,0.3385230004787445
2024-09-16,0.3303059935569763
2024-09-17,0.33391299843788147
2024-09-18,0.3429360091686249
2024-09-19,0.35094499588012695
2024-09-20,0.3521139919757843
2024-09-21,0.3585759997367859
2024-09-22,0.3517720103263855
2024-09-23,0.3637309968471527
2024-09-24,0.38773301243782043
2024-09-25,0.38108301162719727
2024-09-26,0.40188199281692505
2024-09-27,0.4023280143737793
2024-09-28,0.40105199813842773
2024-09-29,0.39759698510169983
2024-09-30,0.3732140064239502
2024-10-01,0.3524410128593445
2024-10-02,0.3440049886703491
2024-10-03,0.34523698687553406
2024-10-04,0.3513979911804199
2024-10-05,0.35071998834609985
2024-10-06,0.357230007648468
2024-10-07,0.3514670133590698
2024-10-08,0.3445169925689697
2024-10-09,0.3397020101547241
2024-10-10,0.3388899862766266
2024-10-11,0.35118499398231506
2024-10-12,0.3532150089740753
2024-10-13,0.34803399443626404
2024-10-14,0.36388900876045227
2024-10-15,0.3585270047187805
2024-10-16,0.352524995803833
2024-10-17,0.34303200244903564
2024-10-18,0.3507100045681
2024-10-19,0.35166099667549133
2024-10-20,0.3648410141468048
2024-10-21,0.36095601320266724
2024-10-22,0.36381998658180237
2024-10-23,0.34861400723457336
2024-10-24,0.34630998969078064
2024-10-25,0.3244119882583618
2024-10-26,0.3333500027656555
2024-10-27,0.33987200260162354
2024-10-28,0.3437960147857666
2024-10-29,0.35565099120140076
2024-10-30,0.35526400804519653
2024-10-31,0.34184500575065613
2024-11-01,0.3570899963378906
2024-11-02,0.3477709889411926
2024-11-03,0.3342849910259247
2024-11-04,0.3260189890861511
2024-11-05,0.33392399549484253
2024-11-06,0.36332300305366516
2024-11-07,0.40501299500465393
2024-11-08,0.4438149929046631
2024-11-09,0.4936800003051758
2024-11-10,0.5903090238571167
2024-11-11,0.6138079762458801
2024-11-12,0.5739179849624634
2024-11-13,0.5787749886512756
2024-11-14,0.5801159739494324
2024-11-15,0.6740599870681763
2024-11-16,0.7387340068817139
2024-11-17,0.7023249864578247
2024-11-18,0.7345799803733826
2024-11-19,0.7396420240402222
2024-11-20,0.8003450036048889
2024-11-21,0.8204740285873413
2024-11-22,1.010422945022583
2024-11-23,1.066236972808838
2024-11-24,1.0231059789657593
2024-11-25,0.9456890225410461
2024-11-26,0.9612320065498352
2024-11-27,1.0133459568023682
2024-11-28,1.0335079431533813
2024-11-29,1.0768580436706543
2024-11-30,1.0789419412612915
2024-12-01,1.1552519798278809
2024-12-02,1.2017760276794434
2024-12-03,1.198125958442688
2024-12-04,1.1873199939727783
2024-12-05,1.1847120523452759
2024-12-06,1.2311069965362549
2024-12-07,1.214195966720581
2024-12-08,1.1962909698486328
2024-12-09,1.0075490474700928
2024-12-10,1.0201610326766968
2024-12-11,1.0888899564743042
2024-12-12,1.1250159740447998
2024-12-13,1.1196019649505615
2024-12-14,1.0605119466781616
2024-12-15,1.1017080545425415
2024-12-16,1.0788559913635254
2024-12-17,1.0515249967575073
2024-12-18,0.9684200286865234
2024-12-19,0.8855019807815552
2024-12-20,0.9510110020637512
2024-12-21,0.9046940207481384
2024-12-22,0.8829759955406189
2024-12-23,0.9242460131645203
2024-12-24,0.936460018157959
2024-12-25,0.916858971118927
2024-12-26,0.8597850203514099
2024-12-27,0.8747680187225342
2024-12-28,0.8878170251846313
2024-12-29,0.8586400151252747
2024-12-30,0.8600170016288757
2024-12-31,0.8437650203704834
2025-01-01,0.9175919890403748
2025-01-02,0.9613450169563293
2025-01-03,1.0903760194778442
2025-01-04,1.0714000463485718
2025-01-05,1.0934669971466064
2025-01-06,1.0941239595413208
2025-01-07,0.9920099973678589
2025-01-08,0.9480310082435608
2025-01-09,0.9059900045394897
2025-01-10,0.9314529895782471
2025-01-11,0.9945240020751953
2025-01-12,0.9685549736022949
2025-01-13,0.9447420239448547
2025-01-14,0.9949089884757996
2025-01-15,1.0791540145874023
2025-01-16,1.0900989770889282
2025-01-17,1.1351219415664673
2025-01-18,1.10207200050354
2025-01-19,0.991191029548645
2025-01-20,1.0086439847946167
2025-01-21,1.004654049873352
2025-01-22,0.9816439747810364
2025-01-23,0.9874939918518066
2025-01-24,0.9714940190315247
2025-01-25,0.9772719740867615
2025-01-26,0.9548559784889221
2025-01-27,0.9329429864883423
2025-01-28,0.9161149859428406
2025-01-29,0.9411270022392273
2025-01-30,0.9610139727592468
2025-01-31,0.9422289729118347
2025-02-01,0.8979439735412598
2025-02-02,0.8017399907112122
2025-02-03,0.8115590214729309
2025-02-04,0.7463430166244507
2025-02-05,0.7332090139389038
2025-02-06,0.7050619721412659
2025-02-07,0.7070930004119873
2025-02-08,0.7018489837646484
2025-02-09,0.6827009916305542
2025-02-10,0.7106930017471313
2025-02-11,0.7793989777565002
2025-02-12,0.7992240190505981
2025-02-13,0.8107420206069946
2025-02-14,0.8005070090293884
2025-02-15,0.7811099886894226
2025-02-16,0.772005021572113
2025-02-17,0.8080250024795532
2025-02-18,0.7523630261421204
2025-02-19,0.7729430198669434
2025-02-20,0.8044739961624146
2025-02-21,0.7613710165023804
2025-02-22,0.7744519710540771
2025-02-23,0.7700409889221191
2025-02-24,0.6822019815444946
2025-02-25,0.6825820207595825
2025-02-26,0.6450380086898804
2025-02-27,0.6455850005149841
2025-02-28,0.6330509781837463
2025-03-01,0.6592649817466736
2025-03-02,1.1295030117034912
2025-03-03,0.8552640080451965
2025-03-04,0.941277027130127
2025-03-05,0.9753559827804565
2025-03-06,0.9075520038604736
2025-03-07,0.8167999982833862
2025-03-08,0.8046919703483582
2025-03-09,0.7201489806175232
2025-03-10,0.6725969910621643
2025-03-11,0.722586989402771
2025-03-12,0.7354440093040466
2025-03-13,0.7022889852523804
2025-03-14,0.738315999507904
2025-03-15,0.7482889890670776
2025-03-16,0.7057639956474304
2025-03-17,0.7180920243263245
2025-03-18,0.702081024646759
2025-03-19,0.7441999912261963
2025-03-20,0.7175170183181763
2025-03-21,0.7051169872283936
2025-03-22,0.7009410262107849
2025-03-23,0.7095080018043518
2025-03-24,0.7309949994087219
2025-03-25,0.745199978351593
2025-03-26,0.7280619740486145
2025-03-27,0.737671971321106
2025-03-28,0.705551028251648
2025-03-29,0.6739220023155212
2025-03-30,0.6607080101966858
2025-03-31,0.6614469885826111
2025-04-01,0.6776549816131592
2025-04-02,0.641638994216919
2025-04-03,0.6500589847564697
2025-04-04,0.6604490280151367
2025-04-05,0.6546710133552551
2025-04-06,0.5727930068969727
2025-04-07,0.5854309797286987
2025-04-08,0.5578879714012146
2025-04-09,0.631676971912384
2025-04-10,0.609387993812561
2025-04-11,0.6241670250892639
2025-04-12,0.6588519811630249
2025-04-13,0.6380749940872192
2025-04-14,0.6348739862442017
2025-04-15,0.6091629862785339
2025-04-16,0.610418975353241
2025-04-17,0.6163049936294556
2025-04-18,0.6274449825286865
2025-04-19,0.6279540061950684
2025-04-20,0.6197819709777832
2025-04-21,0.6239399909973145
2025-04-22,0.680404007434845
2025-04-23,0.6975659728050232
2025-04-24,0.72182697057724
2025-04-25,0.7141410112380981
2025-04-26,0.7075210213661194
2025-04-27,0.7039750218391418
2025-04-28,0.7054799795150757
2025-04-29,0.6963300108909607
2025-04-30,0.6819300055503845
2025-05-01,0.7054340243339539
2025-05-02,0.6980419754981995
2025-05-03,0.701026976108551
2025-05-04,0.676692008972168
2025-05-05,0.6629760265350342
2025-05-06,0.6783819794654846
2025-05-07,0.6711859703063965
2025-05-08,0.7666040062904358
2025-05-09,0.7777109742164612
2025-05-10,0.8412730097770691
2025-05-11,0.8049889802932739
2025-05-12,0.8176379799842834
2025-05-13,0.8315600156784058
2025-05-14,0.7995200157165527
2025-05-15,0.7612429857254028
2025-05-16,0.7592679858207703
2025-05-17,0.7423850297927856
2025-05-18,0.7606260180473328
2025-05-19,0.7430629730224609
2025-05-20,0.7457290291786194
2025-05-21,0.7707189917564392
2025-05-22,0.8081380128860474
2025-05-23,0.7463799715042114
2025-05-24,0.7471920251846313
2025-05-25,0.7599830031394958
2025-05-26,0.7595549821853638
2025-05-27,0.7586830258369446
2025-05-28,0.7468940019607544
2025-05-29,0.7223420143127441
2025-05-30,0.6893270015716553
2025-05-31,0.6860740184783936
2025-06-01,0.6849740147590637
2025-06-02,0.6896770000457764
2025-06-03,0.6846140027046204
2025-06-04,0.6658899784088135
2025-06-05,0.6275740265846252
2025-06-06,0.6564059853553772
2025-06-07,0.6650099754333496
2025-06-08,0.6698989868164062
2025-06-09,0.7050520181655884
2025-06-10,0.7159140110015869
2025-06-11,0.6981580257415771
2025-06-12,0.6638389825820923
2025-06-13,0.6421359777450562
2025-06-14,0.6249489784240723
2025-06-15,0.633849024772644
2025-06-16,0.6316310167312622
2025-06-17,0.6104490160942078
2025-06-18,0.6034489870071411
2025-06-19,0.6021249890327454
2025-06-20,0.5772640109062195
2025-06-21,0.5543149709701538
2025-06-22,0.5409830212593079
2025-06-23,0.5832750201225281
2025-06-24,0.5873690247535706
2025-06-25,0.5670809745788574
2025-06-26,0.5540210008621216
2025-06-27,0.5587639808654785
2025-06-28,0.5656970143318176
2025-06-29,0.5780860185623169
2025-06-30,0.5721210241317749
2025-07-01,0.5421580076217651
2025-07-02,0.5841010212898254
2025-07-03,0.5990880131721497
2025-07-04,0.5728909969329834
2025-07-05,0.5759080052375793
2025-07-06,0.5860130190849304
2025-07-07,0.5802379846572876
2025-07-08,0.5884739756584167
2025-07-09,0.6234890222549438
2025-07-10,0.6766480207443237
2025-07-11,0.7105259895324707
2025-07-12,0.7082970142364502
2025-07-13,0.7372530102729797
2025-07-14,0.7343360185623169
2025-07-15,0.7468230128288269
2025-07-16,0.7645490169525146
2025-07-17,0.8237850069999695
2025-07-18,0.8158569931983948
2025-07-19,0.8303400278091431
2025-07-20,0.8587449789047241
2025-07-21,0.8904250264167786
2025-07-22,0.902944028377533
2025-07-23,0.8162310123443604
2025-07-24,0.8055779933929443
2025-07-25,0.816074013710022
2025-07-26,0.81980299949646
2025-07-27,0.8320080041885376
2025-07-28,0.7908909916877747
2025-07-29,0.7824680209159851
2025-07-30,0.7634389996528625
2025-07-31,0.7400599718093872
2025-08-01,0.7156670093536377
2025-08-02,0.6976699829101562
2025-08-03,0.7269759774208069
2025-08-04,0.7548080086708069
2025-08-05,0.726036012172699
2025-08-06,0.7417939901351929
2025-08-07,0.7863950133323669
2025-08-08,0.7911810278892517
2025-08-09,0.804036021232605
2025-08-10,0.8022879958152771
2025-08-11,0.7739769816398621
2025-08-12,0.8412039875984192
2025-08-13,0.9059240221977234
2025-08-14,0.9253829717636108
2025-08-15,0.943835973739624
2025-08-16,0.9212819933891296
2025-08-17,0.9618890285491943
2025-08-18,0.9232550263404846
2025-08-19,0.8450390100479126
2025-08-20,0.8808220028877258
2025-08-21,0.8510209918022156
2025-08-22,0.9299209713935852
2025-08-23,0.9131330251693726
2025-08-24,0.9096069931983948
2025-08-25,0.8376330137252808
2025-08-26,0.8666830062866211
2025-08-27,0.8501560091972351
2025-08-28,0.8577499985694885
2025-08-29,0.8271369934082031
2025-08-30,0.8224049806594849
2025-08-31,0.8113610148429871
2025-09-01,0.8001859784126282
2025-09-02,0.8345810174942017
2025-09-03,0.8365300297737122
2025-09-04,0.8098869919776917
2025-09-05,0.8310689926147461
2025-09-06,0.8184509873390198
2025-09-07,0.8350589871406555
2025-09-08,0.8650529980659485
2025-09-09,0.8650320172309875
2025-09-10,0.8846880197525024
2025-09-11,0.8942080140113831
2025-09-12,0.9170870184898376
2025-09-13,0.929843008518219
2025-09-14,0.8889909982681274
2025-09-15,0.8635079860687256
2025-09-16,0.8806899785995483
2025-09-17,0.9130920171737671
2025-09-18,0.9253559708595276
2025-09-19,0.8909350037574768
2025-09-20,0.8939329981803894
2025-09-21,0.8852750062942505
2025-09-22,0.8257520198822021
2025-09-23,0.8076189756393433
2025-09-24,0.81318598985672
2025-09-25,0.7627890110015869
2025-09-26,0.7921929955482483
2025-09-27,0.7817010283470154
2025-09-28,0.8081660270690918
2025-09-29,0.8067970275878906
2025-09-30,0.8072029948234558
2025-10-01,0.8500400185585022
2025-10-02,0.8703200221061707
2025-10-03,0.8663150072097778
2025-10-04,0.8399220108985901
2025-10-05,0.8373519778251648
2025-10-06,0.8718159794807434
2025-10-07,0.8209019899368286
2025-10-08,0.838916003704071
2025-10-09,0.8156459927558899
2025-10-10,0.6348350048065186
2025-10-11,0.6321799755096436
2025-10-12,0.7015050053596497
2025-10-13,0.7292580008506775
2025-10-14,0.6996920108795166
2025-10-15,0.66880202293396
2025-10-16,0.6449440121650696
2025-10-17,0.6248430013656616
2025-10-18,0.634460985660553
2025-10-19,0.652550995349884
2025-10-20,0.6632509827613831
2025-10-21,0.6429139971733093
2025-10-22,0.6239719986915588
2025-10-23,0.6428449749946594
2025-10-24,0.6558910012245178
2025-10-25,0.6546630263328552
2025-10-26,0.6810629963874817
2025-10-27,0.6673650145530701
2025-10-28,0.6462730169296265
2025-10-29,0.6401649713516235
2025-10-30,0.6011229753494263
2025-10-31,0.6091650128364563
2025-11-01,0.612201988697052
2025-11-02,0.61080402135849
2025-11-03,0.5523139834403992
2025-11-04,0.5214959979057312
2025-11-05,0.5461450219154358
2025-11-06,0.5309820175170898
2025-11-07,0.5760110020637512
2025-11-08,0.5684229731559753
2025-11-09,0.5786349773406982
2025-11-10,0.5929700136184692
2025-11-11,0.5565279722213745
2025-11-12,0.545261025428772
2025-11-13,0.5311149954795837
2025-11-14,0.49842000007629395
2025-11-15,0.5034000277519226
2025-11-16,0.48484501242637634
2025-11-17,0.46553200483322144
2025-11-18,0.4749799966812134
2025-11-19,0.46323901414871216
2025-11-20,0.4323990046977997
2025-11-21,0.4091469943523407
2025-11-22,0.40460801124572754
2025-11-23,0.4085490107536316
2025-11-24,0.42784199118614197
2025-11-25,0.4216170012950897
2025-11-26,0.4356220066547394
2025-11-27,0.4336850047111511
2025-11-28,0.42023101449012756
2025-11-29,0.4153830111026764
2025-11-30,0.41588500142097473
2025-12-01,0.38571399450302124
2025-12-02,0.4339640140533447
2025-12-03,0.4508090019226074
2025-12-04,0.43945398926734924
